dates,return
20100104,0.109016729
20100105,0.109016729
20100106,0.105720952
20100107,0.106828337
20100108,0.105723455
20100111,0.10656779
20100112,0.104613896
20100113,0.10433458
20100114,0.102926169
20100115,0.103209427
20100118,0.102377808
20100119,0.105447211
20100120,0.102946498
20100121,0.103793534
20100122,0.1062712
20100125,0.1062712
20100126,0.106820901
20100127,0.105447161
20100128,0.104633483
20100129,0.107090969
20100201,0.106547611
20100202,0.109549077
20100203,0.108481558
20100204,0.106840915
20100205,0.10658577
20100208,0.103773607
20100209,0.10349194
20100210,0.100941807
20100211,0.104054486
20100212,0.103773607
20100216,0.102923569
20100217,0.104062368
20100218,0.10235461
20100219,0.10065212
20100222,0.102642108
20100223,0.105190932
20100224,0.102639493
20100225,0.103781537
20100226,0.102642163
20100302,0.103513416
20100303,0.102079836
20100304,0.100337412
20100305,0.099756299
20100308,0.100048653
20100309,0.100917914
20100310,0.099764513
20100311,0.102071617
20100312,0.10178512
20100315,0.100340155
20100316,0.10178512
20100317,0.101497803
20100318,0.101209658
20100319,0.100337412
20100322,0.100337412
20100323,0.099177327
20100324,0.100917914
20100325,0.103250398
20100326,0.100340214
20100329,0.099460293
20100330,0.099460293
20100331,0.099460293
20100401,0.100639343
20100402,0.098871242
20100405,0.09828156
20100406,0.099166202
20100407,0.099166202
20100408,0.100348741
20100409,0.097983981
20100412,0.09828156
20100413,0.099166202
20100414,0.098578255
20100415,0.099460293
20100416,0.100048712
20100419,0.098578255
20100420,0.099460293
20100421,0.099460293
20100422,0.099460293
20100423,0.099460293
20100426,0.100048712
20100427,0.100348741
20100428,0.099169073
20100429,0.098874132
20100430,0.0979811
20100503,0.096793448
20100504,0.098575409
20100506,0.098575409
20100507,0.098575409
20100510,0.098575409
20100511,0.098575409
20100512,0.097983981
20100513,0.09828156
20100514,0.098578255
20100517,0.09887407
20100518,0.099753522
20100519,0.099169013
20100520,0.100045893
20100524,0.100045893
20100525,0.100045893
20100526,0.100045893
20100527,0.099463087
20100528,0.099756299
20100531,0.100628084
20100601,0.100628084
20100603,0.100048653
20100604,0.100340155
20100607,0.10178512
20100608,0.101497803
20100609,0.100628084
20100610,0.100628084
20100611,0.100628084
20100614,0.102379295
20100615,0.099753522
20100616,0.100929104
20100617,0.099756358
20100618,0.098871242
20100621,0.098871242
20100622,0.097694086
20100623,0.098290028
20100624,0.098882435
20100625,0.099471351
20100628,0.098915084
20100629,0.10235461
20100630,0.101785064
20100701,0.102639493
20100702,0.10320948
20100705,0.10235461
20100706,0.10235461
20100707,0.101785064
20100708,0.100941807
20100709,0.099588935
20100712,0.103793534
20100713,0.105177503
20100714,0.106273626
20100715,0.1076362
20100716,0.107365167
20100719,0.107093402
20100720,0.1062712
20100721,0.1062712
20100722,0.106820901
20100723,0.105447161
20100726,0.105177503
20100727,0.106818454
20100728,0.106818454
20100729,0.106818454
20100730,0.106818454
20100802,0.105730669
20100803,0.107362748
20100804,0.107362748
20100805,0.106280808
20100806,0.10736512
20100809,0.107100417
20100810,0.108176043
20100811,0.108978198
20100812,0.110050195
20100813,0.108980536
20100816,0.107636154
20100817,0.108442588
20100818,0.108442588
20100819,0.108442588
20100820,0.108442588
20100823,0.107372143
20100824,0.108444907
20100825,0.108713055
20100826,0.108980492
20100827,0.108719887
20100830,0.108209972
20100831,0.111353861
20100901,0.109796244
20100902,0.112652088
20100903,0.111356045
20100906,0.11213349
20100907,0.11213349
20100908,0.11213349
20100909,0.116862868
20100910,0.110307183
20100913,0.11111317
20100914,0.111411674
20100915,0.107362748
20100916,0.107906506
20100917,0.106547611
20100920,0.107362748
20100924,0.107906506
20100927,0.1076362
20100928,0.106273626
20100929,0.106547611
20100930,0.106820853
20101001,0.107633796
20101004,0.106554753
20101005,0.107636154
20101006,0.10790646
20101007,0.107112021
20101008,0.10792482
20101011,0.109253978
20101012,0.11030714
20101013,0.11004985
20101014,0.120716802
20101015,0.107090969
20101018,0.106547611
20101019,0.106280808
20101020,0.10736512
20101021,0.108173711
20101022,0.110342373
20101025,0.107090969
20101026,0.108183317
20101027,0.105998892
20101028,0.107365167
20101029,0.106545199
20101101,0.103832366
20101102,0.10736512
20101103,0.107636154
20101104,0.10790646
20101105,0.107643138
20101108,0.10924494
20101109,0.108713055
20101110,0.110043245
20101111,0.10924494
20101112,0.108713055
20101115,0.108451776
20101116,0.110040958
20101117,0.110040958
20101118,0.110040958
20101119,0.110040958
20101122,0.110040958
20101123,0.108987286
20101124,0.11056817
20101125,0.11056817
20101126,0.11109488
20101129,0.110304908
20101130,0.110304908
20101201,0.110304908
20101202,0.110832997
20101203,0.110040958
20101206,0.110570432
20101207,0.109776316
20101208,0.109776316
20101209,0.109776316
20101210,0.110307183
20101213,0.108451776
20101214,0.109513247
20101215,0.110304908
20101216,0.110832997
20101217,0.110040958
20101220,0.110040958
20101221,0.110570432
20101222,0.109776316
20101223,0.109776316
20101224,0.109776316
20101227,0.108194302
20101228,0.110043202
20101229,0.11030714
20101230,0.111092643
20110103,0.11057039
20110104,0.111876483
20110105,0.111092643
20110106,0.111092643
20110107,0.11161662
20110110,0.110830747
20110111,0.109785256
20110112,0.111353861
20110113,0.10825378
20110114,0.108348947
20110117,0.111224474
20110118,0.116691169
20110119,0.115961577
20110120,0.117676308
20110121,0.117921107
20110124,0.117681996
20110125,0.119134478
20110126,0.119134478
20110127,0.118651988
20110128,0.1193758
20110131,0.117936082
20110201,0.119141861
20110207,0.118209298
20110208,0.121287846
20110209,0.121524122
20110210,0.121293131
20110211,0.123631599
20110214,0.121759851
20110215,0.123400171
20110216,0.122463817
20110217,0.121758086
20110218,0.121758086
20110221,0.121287846
20110222,0.121993281
20110223,0.121524122
20110224,0.121759851
20110225,0.121995037
20110228,0.122229681
20110302,0.122463788
20110303,0.122697358
20110304,0.123393173
20110307,0.122930395
20110308,0.124087698
20110309,0.123393173
20110310,0.123393173
20110311,0.122930395
20110314,0.123624634
20110315,0.124087698
20110316,0.122468948
20110317,0.123855571
20110318,0.123855571
20110321,0.12339488
20110322,0.124546962
20110323,0.124317588
20110324,0.124087698
20110325,0.122930395
20110328,0.123624634
20110329,0.124087698
20110330,0.123393173
20110331,0.123393173
20110401,0.12385729
20110404,0.123161187
20110405,0.123161187
20110406,0.123161187
20110407,0.123626361
20110408,0.122000247
20110411,0.123393173
20110412,0.123393173
20110413,0.123393173
20110414,0.123393173
20110415,0.122930395
20110418,0.123624634
20110419,0.123624634
20110420,0.122702495
20110421,0.12316799
20110422,0.123631373
20110425,0.12318796
20110426,0.12591086
20110427,0.125459321
20110428,0.126136697
20110429,0.125686152
20110502,0.125912481
20110503,0.126586882
20110504,0.127036708
20110506,0.126362037
20110509,0.126362037
20110511,0.126362037
20110512,0.126362037
20110513,0.126812853
20110516,0.126588507
20110517,0.12591086
20110518,0.126363669
20110519,0.125684523
20110520,0.125684523
20110523,0.125684523
20110524,0.125684523
20110525,0.125684523
20110526,0.125684523
20110527,0.125684523
20110530,0.125684523
20110531,0.125684523
20110601,0.124330718
20110602,0.127718288
20110603,0.125684523
20110607,0.126138337
20110608,0.125457685
20110609,0.125004145
20110610,0.120775418
20110613,0.127264733
20110614,0.128148683
20110615,0.128808612
20110616,0.129690151
20110617,0.127927245
20110620,0.128588593
20110621,0.128148683
20110622,0.129248779
20110623,0.128588593
20110624,0.126836114
20110627,0.129465854
20110628,0.129029682
20110629,0.128814679
20110630,0.130118916
20110701,0.130118916
20110704,0.130118916
20110705,0.130118916
20110706,0.130118916
20110707,0.130118916
20110708,0.129253254
20110711,0.130984743
20110712,0.131204172
20110713,0.130337189
20110714,0.129684003
20110715,0.129684003
20110718,0.129684003
20110719,0.129684003
20110720,0.129684003
20110721,0.129684003
20110722,0.129248756
20110725,0.129467362
20110726,0.129685505
20110727,0.129903185
20110728,0.130120404
20110729,0.129907624
20110801,0.129914942
20110802,0.132267745
20110803,0.131626778
20110804,0.131626778
20110805,0.132055019
20110808,0.131841853
20110809,0.131628244
20110810,0.132713925
20110811,0.129685505
20110812,0.130335684
20110816,0.130335684
20110817,0.129903185
20110818,0.130984743
20110819,0.130769344
20110822,0.130553493
20110823,0.130337189
20110824,0.130120427
20110825,0.129465854
20110826,0.129903208
20110829,0.128374222
20110830,0.129684003
20110831,0.129684003
20110901,0.130558035
20110902,0.12924724
20110905,0.13056569
20110906,0.128588593
20110907,0.128588593
20110908,0.129472029
20110909,0.128147133
20110914,0.128590152
20110915,0.127482931
20110916,0.128147133
20110919,0.126825339
20110920,0.128808612
20110921,0.128808612
20110922,0.128808612
20110923,0.128808612
20110926,0.127495275
20110927,0.129465854
20110928,0.128160862
20110929,0.129685505
20110930,0.130769344
20111004,0.130989244
20111005,0.130558035
20111006,0.12924724
20111007,0.12924724
20111010,0.12924724
20111011,0.128810141
20111012,0.129903208
20111013,0.129685528
20111014,0.129028161
20111017,0.128153282
20111018,0.129465854
20111019,0.129465854
20111020,0.129465854
20111021,0.128594687
20111024,0.128171353
20111025,0.130337166
20111026,0.130983257
20111027,0.130553471
20111028,0.130769322
20111031,0.131841853
20111101,0.131628244
20111102,0.130983257
20111103,0.131846276
20111104,0.130551995
20111107,0.130984743
20111108,0.130769344
20111109,0.130118916
20111110,0.130553493
20111111,0.12990169
20111114,0.12990169
20111115,0.131211726
20111116,0.129685528
20111117,0.128590128
20111118,0.129685528
20111121,0.128590128
20111122,0.12924724
20111123,0.12924724
20111124,0.128810141
20111125,0.128160862
20111128,0.129253254
20111129,0.130551995
20111130,0.131418652
20111201,0.130118916
20111202,0.130989244
20111205,0.129684003
20111206,0.130120427
20111207,0.129903208
20111208,0.128374222
20111209,0.129684003
20111212,0.129684003
20111213,0.129684003
20111214,0.130120427
20111215,0.129903208
20111216,0.12924724
20111219,0.127505907
20111220,0.130553493
20111221,0.12990169
20111222,0.129467362
20111223,0.129253254
20111226,0.129260669
20111227,0.130769322
20111228,0.13098472
20111229,0.132055019
20120102,0.132272129
20120103,0.130983257
20120104,0.13141419
20120105,0.131199691
20120106,0.130551995
20120109,0.130551995
20120110,0.130551995
20120111,0.130551995
20120112,0.130551995
20120113,0.130984743
20120116,0.130335684
20120117,0.130335684
20120118,0.130335684
20120119,0.130335684
20120120,0.130335684
20120125,0.129903185
20120126,0.130551995
20120127,0.130984743
20120130,0.130335684
20120131,0.130335684
20120201,0.130335684
20120202,0.130335684
20120203,0.130335684
20120206,0.130335684
20120207,0.129903185
20120208,0.130551995
20120209,0.130551995
20120210,0.130551995
20120213,0.130120404
20120214,0.131199691
20120215,0.130120404
20120216,0.131199691
20120217,0.130120404
20120220,0.130767852
20120221,0.131632686
20120222,0.129471841
20120223,0.130767852
20120224,0.130337166
20120227,0.130983257
20120228,0.130553471
20120229,0.131198212
20120302,0.130769322
20120305,0.131412718
20120306,0.131412718
20120307,0.131412718
20120308,0.131412718
20120309,0.131412718
20120312,0.131412718
20120313,0.131412718
20120314,0.13098472
20120315,0.131199668
20120316,0.131414168
20120319,0.131628222
20120320,0.132266298
20120321,0.131841831
20120322,0.132903298
20120323,0.132266298
20120326,0.132266298
20120327,0.132266298
20120328,0.132266298
20120329,0.132266298
20120330,0.132691883
20120402,0.132053566
20120403,0.132480032
20120404,0.131840393
20120405,0.132267745
20120406,0.132055019
20120409,0.131841853
20120410,0.132491754
20120412,0.130984743
20120413,0.130335684
20120416,0.130769344
20120417,0.130118916
20120418,0.130118916
20120419,0.130118916
20120420,0.130118916
20120423,0.129685505
20120424,0.129903185
20120425,0.130551995
20120426,0.130551995
20120427,0.130551995
20120430,0.130551995
20120502,0.130551995
20120503,0.130551995
20120504,0.130984743
20120507,0.130769344
20120508,0.130118916
20120509,0.130553493
20120510,0.129467362
20120511,0.130118916
20120514,0.130118916
20120515,0.130553493
20120516,0.12990169
20120517,0.12990169
20120518,0.130337189
20120521,0.129684003
20120522,0.129684003
20120523,0.129684003
20120524,0.129684003
20120525,0.129684003
20120529,0.129684003
20120530,0.129684003
20120531,0.130120427
20120601,0.13034175
20120604,0.129467386
20120605,0.128808612
20120607,0.128369643
20120608,0.12990781
20120611,0.128148683
20120612,0.128808612
20120613,0.128808612
20120614,0.129248779
20120615,0.129029706
20120618,0.1283681
20120619,0.1283681
20120620,0.1283681
20120621,0.1283681
20120622,0.1283681
20120625,0.1283681
20120626,0.1283681
20120627,0.1283681
20120628,0.1283681
20120629,0.127927245
20120702,0.128588593
20120703,0.128588593
20120704,0.129029706
20120705,0.1283681
20120706,0.129253444
20120709,0.129261308
20120710,0.127258472
20120711,0.128602853
20120712,0.136306923
20120713,0.122702727
20120716,0.121759881
20120717,0.122957416
20120718,0.121538856
20120719,0.120342866
20120720,0.119864266
20120723,0.120365753
20120724,0.11742899
20120725,0.119406758
20120726,0.11594599
20120727,0.114233296
20120730,0.118408977
20120731,0.11767439
20120801,0.118657828
20120802,0.117676342
20120803,0.117430952
20120806,0.117184967
20120807,0.116441416
20120808,0.116938386
20120809,0.11470772
20120810,0.116936404
20120813,0.115951883
20120814,0.115475425
20120816,0.115513319
20120817,0.120337259
20120820,0.118180219
20120821,0.121293374
20120822,0.119856736
20120823,0.119856736
20120824,0.120337259
20120827,0.119616552
20120828,0.120098212
20120829,0.119858602
20120830,0.119618428
20120831,0.119377685
20120903,0.120113359
20120904,0.118900262
20120905,0.118414814
20120906,0.116936404
20120907,0.116443383
20120910,0.117182995
20120911,0.118171218
20120912,0.116689212
20120913,0.113746624
20120914,0.118652021
20120917,0.116458814
20120918,0.119624119
20120919,0.117676308
20120920,0.119873825
20120921,0.116696972
20120924,0.118163419
20120925,0.118163419
20120926,0.118163419
20120927,0.117676308
20120928,0.118894484
20121002,0.11914212
20121004,0.118165352
20121005,0.11742899
20121008,0.117921141
20121009,0.117182995
20121010,0.119665108
20121011,0.115446147
20121012,0.116193014
20121015,0.116193014
20121016,0.116193014
20121017,0.116193014
20121018,0.116193014
20121019,0.116193014
20121022,0.115696376
20121023,0.117436908
20121024,0.116443419
20121025,0.115195298
20121026,0.116443419
20121029,0.115694379
20121030,0.115694379
20121031,0.116195027
20121101,0.115444139
20121102,0.115444139
20121105,0.115444139
20121106,0.115444139
20121107,0.115444139
20121108,0.115444139
20121109,0.115444139
20121112,0.115444139
20121113,0.115946026
20121114,0.11519328
20121115,0.11519328
20121116,0.11519328
20121119,0.114691731
20121120,0.115444139
20121121,0.115444139
20121122,0.115444139
20121123,0.114943827
20121126,0.116195027
20121127,0.114943827
20121128,0.115694379
20121129,0.115694379
20121130,0.115694379
20121203,0.115694379
20121204,0.115195298
20121205,0.115944003
20121206,0.115944003
20121207,0.115944003
20121210,0.115446147
20121211,0.116691204
20121212,0.115944003
20121213,0.115446147
20121214,0.116193014
20121217,0.116193014
20121218,0.116193014
20121220,0.116193014
20121221,0.116691204
20121224,0.115944003
20121226,0.115446147
20121227,0.116691204
20121228,0.115944003
20130102,0.115944003
20130103,0.116944403
20130104,0.116449499
20130107,0.114941798
20130108,0.115446183
20130109,0.114689692
20130110,0.115702588
20130111,0.112166947
20130114,0.11519328
20130115,0.115696413
20130116,0.114941798
20130117,0.114941798
20130118,0.114439006
20130121,0.11519328
20130122,0.11519328
20130123,0.11519328
20130124,0.11519328
20130125,0.11519328
20130128,0.114691731
20130129,0.115444139
20130130,0.114943827
20130131,0.116195027
20130201,0.115444139
20130204,0.115444139
20130205,0.115946026
20130206,0.116201139
20130207,0.114689692
20130208,0.114689692
20130212,0.115195335
20130213,0.113931657
20130214,0.114689692
20130215,0.115195335
20130218,0.114943864
20130219,0.114691768
20130220,0.113421753
20130221,0.115201575
20130222,0.113165835
20130225,0.114439043
20130226,0.114185687
20130227,0.113931695
20130228,0.11316373
20130304,0.113677064
20130305,0.112907152
20130306,0.112394173
20130307,0.112652048
20130308,0.11341966
20130311,0.11341966
20130312,0.114960734
20130313,0.112649922
20130314,0.112135639
20130315,0.112907152
20130318,0.113421792
20130319,0.112649922
20130320,0.112649922
20130321,0.112649922
20130322,0.112649922
20130325,0.112649922
20130326,0.112649922
20130327,0.112135639
20130328,0.117071614
20130329,0.109785256
20130401,0.111876483
20130402,0.112142331
20130403,0.11109488
20130404,0.110304908
20130405,0.111362848
20130408,0.109776316
20130409,0.109247221
20130410,0.110570432
20130411,0.103541042
20130412,0.110865101
20130415,0.113929585
20130416,0.114950137
20130417,0.11341966
20130418,0.113931695
20130419,0.112142008
20130422,0.112152481
20130423,0.114943864
20130424,0.112668715
20130425,0.115446183
20130426,0.115195335
20130429,0.115452391
20130430,0.11597727
20130502,0.114975774
20130503,0.111356045
20130506,0.108044602
20130507,0.115201575
20130508,0.114185687
20130509,0.116516864
20130510,0.112915852
20130513,0.111876483
20130514,0.11161662
20130515,0.111356087
20130516,0.11056817
20130520,0.110043202
20130521,0.110830747
20130522,0.11030714
20130523,0.11161662
20130524,0.110830747
20130527,0.110830747
20130528,0.110830747
20130529,0.108746615
20130530,0.112394213
20130531,0.111614406
20130603,0.112135679
20130604,0.111353861
20130605,0.111876483
20130607,0.112142331
20130610,0.11056817
20130611,0.11056817
20130612,0.11056817
20130613,0.11109488
20130614,0.110304908
20130617,0.109778572
20130618,0.11056817
20130619,0.11056817
20130620,0.107960548
20130621,0.110324622
20130624,0.111112042
20130625,0.114445383
20130626,0.112394173
20130627,0.11316373
20130628,0.115227076
20130701,0.113172384
20130702,0.113709837
20130703,0.112153573
20130704,0.111374276
20130705,0.108978198
20130708,0.108444907
20130709,0.10924494
20130710,0.109778616
20130711,0.108978198
20130712,0.108444907
20130715,0.108713055
20130716,0.109510978
20130717,0.109510978
20130718,0.109510978
20130719,0.108980492
20130722,0.109247221
20130723,0.109513247
20130724,0.109778572
20130725,0.109519967
20130726,0.11057039
20130729,0.111353861
20130730,0.110313752
20130731,0.111356045
20130801,0.112652088
20130802,0.112394213
20130805,0.112658669
20130806,0.11161662
20130807,0.110830747
20130808,0.111356087
20130809,0.11056817
20130812,0.11056817
20130813,0.110043202
20130814,0.11030714
20130816,0.11057039
20130819,0.111353861
20130820,0.111876483
20130821,0.111092643
20130822,0.11004985
20130823,0.112135679
20130826,0.111353861
20130827,0.111353861
20130828,0.111353861
20130829,0.111353861
20130830,0.111353861
20130902,0.111353861
20130903,0.111876483
20130904,0.111092643
20130905,0.11057039
20130906,0.111876483
20130909,0.11161662
20130910,0.110830747
20130911,0.110830747
20130912,0.110830747
20130913,0.110830747
20130916,0.110830747
20130917,0.110830747
20130923,0.110830747
20130924,0.109785256
20130925,0.111353861
20130926,0.111353861
20130927,0.111876483
20130930,0.111092643
20131001,0.11057039
20131002,0.111876483
20131004,0.111092643
20131007,0.111092643
20131008,0.111092643
20131010,0.111092643
20131011,0.111092643
20131014,0.111092643
20131015,0.111092643
20131016,0.11161662
20131017,0.110830747
20131018,0.110830747
20131021,0.110830747
20131022,0.110830747
20131023,0.110830747
20131024,0.110830747
20131025,0.110830747
20131028,0.110202626
20131029,0.111406577
20131030,0.111118884
20131031,0.11096178
20131101,0.110909409
20131104,0.110987966
20131105,0.110987966
20131106,0.110987966
20131107,0.110883269
20131108,0.111040318
20131111,0.110622162
20131112,0.111249455
20131113,0.111301694
20131114,0.111432449
20131115,0.111275766
20131118,0.111092665
20131119,0.111014145
20131120,0.111118884
20131121,0.111118995
20131122,0.11088318
20131125,0.11088318
20131126,0.111092999
20131127,0.110778286
20131128,0.110673372
20131129,0.110830747
20131202,0.110725887
20131203,0.110464374
20131204,0.111092643
20131205,0.111249654
20131206,0.111066506
20131209,0.111197566
20131210,0.110830769
20131211,0.110542966
20131212,0.111249654
20131213,0.111066506
20131216,0.110987966
20131217,0.110674083
20131218,0.110831545
20131219,0.110520549
20131220,0.111432643
20131223,0.110787044
20131224,0.112237074
20131226,0.112392035
20131227,0.113844658
20131230,0.111666435
20140102,0.111770499
20140103,0.111718524
20140106,0.112869431
20140107,0.111014234
20140108,0.111119351
20140109,0.110725798
20140110,0.110358711
20140113,0.110490689
20140114,0.110805318
20140115,0.111223359
20140116,0.111406112
20140117,0.111145029
20140120,0.110884594
20140121,0.111458182
20140122,0.111380144
20140123,0.111718524
20140124,0.111406222
20140127,0.111017306
20140128,0.111744776
20140129,0.112107621
20140203,0.112185447
20140204,0.112471645
20140205,0.111796476
20140206,0.111640424
20140207,0.111796586
20140210,0.111562351
20140211,0.111562351
20140212,0.111562351
20140213,0.111562351
20140214,0.111562351
20140217,0.111562351
20140218,0.111562351
20140219,0.111562351
20140220,0.111562351
20140221,0.111562351
20140224,0.111562351
20140225,0.111406222
20140226,0.111536401
20140227,0.111692439
20140228,0.111692439
20140303,0.111173272
20140304,0.111952114
20140305,0.111952114
20140306,0.111952114
20140307,0.111952114
20140310,0.111952114
20140311,0.111485984
20140312,0.112185252
20140313,0.112185252
20140314,0.112651675
20140317,0.111796585
20140318,0.112081723
20140319,0.112003969
20140320,0.112003969
20140321,0.111900319
20140324,0.112055797
20140325,0.112107621
20140326,0.112029886
20140327,0.112081723
20140328,0.111952135
20140331,0.112081723
20140401,0.112003969
20140402,0.112211471
20140403,0.111952135
20140404,0.111978132
20140407,0.111874303
20140408,0.111796389
20140409,0.111796389
20140410,0.111744449
20140411,0.11182236
20140414,0.111666631
20140415,0.111900232
20140416,0.111900232
20140417,0.111900232
20140418,0.111900232
20140421,0.111900232
20140422,0.111848346
20140423,0.111718785
20140424,0.112029886
20140425,0.112029886
20140428,0.111926263
20140429,0.111978131
20140430,0.11213349
20140502,0.112237074
20140507,0.112185339
20140508,0.112185447
20140509,0.11200399
20140512,0.111978066
20140513,0.111900232
20140514,0.111900232
20140515,0.111900232
20140516,0.111900232
20140519,0.111900232
20140520,0.111900232
20140521,0.111900232
20140522,0.111900232
20140523,0.111900232
20140526,0.111900232
20140527,0.111848346
20140528,0.111926176
20140529,0.111926176
20140530,0.111926176
20140602,0.111926176
20140603,0.111926176
20140605,0.111926176
20140609,0.111718785
20140610,0.112081723
20140611,0.112003969
20140612,0.11247123
20140613,0.112030432
20140616,0.111796586
20140617,0.111562351
20140618,0.111458248
20140619,0.111770609
20140620,0.111536313
20140623,0.111536313
20140624,0.111536313
20140625,0.111380144
20140626,0.111510357
20140627,0.111666435
20140630,0.111666435
20140701,0.111770499
20140702,0.113130835
20140703,0.110909409
20140704,0.110988166
20140707,0.110752045
20140708,0.110752045
20140709,0.111225142
20140710,0.110937021
20140711,0.110674385
20140714,0.110120216
20140715,0.110278748
20140716,0.110570432
20140717,0.112071753
20140718,0.108844935
20140721,0.108576781
20140722,0.10898009
20140723,0.109659567
20140724,0.107498387
20140725,0.107633819
20140728,0.107552558
20140729,0.107335985
20140730,0.108203008
20140731,0.107715829
20140801,0.107390102
20140804,0.107090993
20140805,0.107499228
20140806,0.107227336
20140807,0.107337149
20140808,0.107668709
20140811,0.106298732
20140812,0.106243857
20140813,0.106795311
20140814,0.106550762
20140818,0.105472579
20140819,0.105278599
20140820,0.105361894
20140821,0.10522324
20140822,0.105390255
20140825,0.105001197
20140826,0.104945609
20140827,0.1050015
20140828,0.104667107
20140829,0.104611359
20140901,0.104750734
20140902,0.105505693
20140903,0.104248053
20140904,0.104248053
20140905,0.104640475
20140911,0.104332644
20140912,0.10640297
20140915,0.103180687
20140916,0.103269361
20140917,0.10249932
20140918,0.101897348
20140919,0.101638838
20140922,0.101753814
20140923,0.101581355
20140924,0.10140895
20140925,0.101725028
20140926,0.101638838
20140929,0.101638838
20140930,0.102445437
20141001,0.104382723
20141002,0.099665644
20141006,0.099724266
20141007,0.099577716
20141008,0.099665644
20141010,0.099958974
20141013,0.099753973
20141014,0.099401544
20141015,0.101650684
20141016,0.09977154
20141017,0.097772724
20141020,0.097413211
20141021,0.097713239
20141022,0.097263227
20141023,0.097263227
20141024,0.097323277
20141027,0.097233204
20141028,0.097233204
20141029,0.097353363
20141030,0.097233233
20141031,0.097805696
20141103,0.097416191
20141104,0.097663526
20141105,0.096787704
20141106,0.095935056
20141107,0.095292628
20141110,0.095292628
20141111,0.093466212
20141112,0.095601373
20141113,0.096509908
20141114,0.096509908
20141117,0.096509908
20141118,0.096509908
20141119,0.096570414
20141120,0.096479657
20141121,0.096479657
20141124,0.09678251
20141125,0.096328262
20141126,0.096449517
20141127,0.095662401
20141128,0.096872961
20141201,0.096298075
20141202,0.096358679
20141203,0.095936561
20141204,0.096661297
20141205,0.096812038
20141208,0.095018531
20141209,0.098219714
20141210,0.097802145
20141211,0.098309836
20141212,0.097802233
20141215,0.09720461
20141216,0.097772283
20141217,0.096969168
20141218,0.098070936
20141219,0.098545893
20141222,0.098486603
20141223,0.098308408
20141224,0.098367832
20141226,0.098219277
20141229,0.098665291
20141230,0.098666599
20150102,0.098040953
20150105,0.098791015
20150106,0.098953379
20150107,0.096782842
20150108,0.09648014
20150109,0.096480746
20150112,0.097831185
20150113,0.095047408
20150114,0.097307762
20150115,0.091007792
20150116,0.095845977
20150119,0.094770776
20150120,0.09529415
20150121,0.094585926
20150122,0.094555178
20150123,0.09473996
20150126,0.09449384
20150127,0.094187975
20150128,0.095262036
20150129,0.094986247
20150130,0.095262005
20150202,0.095507222
20150203,0.096928219
20150204,0.093875242
20150205,0.094555179
20150206,0.094679147
20150209,0.094153271
20150210,0.091912015
20150211,0.095353878
20150212,0.095201221
20150213,0.095690001
20150216,0.094775171
20150217,0.096055443
20150223,0.095781327
20150224,0.095781327
20150225,0.095781327
20150226,0.095781327
20150227,0.095781327
20150302,0.096759378
20150303,0.096090746
20150304,0.095509831
20150305,0.095203852
20150306,0.096018945
20150309,0.094534558
20150310,0.09359885
20150311,0.094879205
20150312,0.094874949
20150313,0.091289418
20150316,0.089006454
20150317,0.08884376
20150318,0.08805417
20150319,0.088120054
20150320,0.088285024
20150323,0.087889355
20150324,0.087691539
20150325,0.088186147
20150326,0.087889355
20150327,0.087889355
20150330,0.088219609
20150331,0.089385382
20150401,0.087562572
20150402,0.086761606
20150403,0.086460494
20150406,0.086594435
20150407,0.086728826
20150408,0.086293036
20150409,0.087947458
20150410,0.08531588
20150413,0.084910078
20150414,0.085518837
20150415,0.085518837
20150416,0.085518837
20150417,0.085857121
20150420,0.085552965
20150421,0.08518038
20150422,0.085417563
20150423,0.084605314
20150424,0.08491178
20150427,0.085351581
20150428,0.084187339
20150429,0.08699458
20150430,0.08699458
20150504,0.086662033
20150506,0.086828903
20150507,0.087659063
20150508,0.088495983
20150511,0.086694846
20150512,0.085192427
20150513,0.088063539
20150514,0.086594435
20150515,0.086125813
20150518,0.086527413
20150519,0.086527413
20150520,0.08692931
20150521,0.086393567
20150522,0.085891188
20150526,0.086493959
20150527,0.086895992
20150528,0.086225958
20150529,0.086930987
20150601,0.086293597
20150602,0.087378208
20150603,0.085350078
20150604,0.085180495
20150605,0.085248747
20150608,0.086207675
20150609,0.08456951
20150610,0.085192983
20150611,0.087179937
20150612,0.082190318
20150615,0.081095774
20150616,0.081060424
20150617,0.080812741
20150618,0.081379117
20150619,0.080848014
20150622,0.079577668
20150623,0.081132102
20150624,0.081448906
20150625,0.081624629
20150626,0.081835164
20150629,0.082045781
20150630,0.081729871
20150701,0.081729871
20150702,0.081870401
20150703,0.082646724
20150706,0.081874382
20150707,0.081380751
20150708,0.080884492
20150709,0.080707235
20150710,0.080315246
20150713,0.080172512
20150714,0.080136828
20150715,0.080315756
20150716,0.079815087
20150717,0.079922409
20150720,0.079922409
20150721,0.079922409
20150722,0.079922409
20150723,0.080137169
20150724,0.079886677
20150727,0.079779231
20150728,0.079636014
20150729,0.080065763
20150730,0.079743403
20150731,0.079743403
20150803,0.08003034
20150804,0.079671752
20150805,0.079564071
20150806,0.079564071
20150807,0.079779617
20150810,0.079672097
20150811,0.079348438
20150812,0.079348438
20150813,0.079348438
20150817,0.079348438
20150818,0.079348438
20150819,0.079348438
20150820,0.079348438
20150821,0.079204592
20150824,0.079204807
20150825,0.078740108
20150826,0.079493783
20150827,0.080065421
20150828,0.079602683
20150831,0.080386344
20150901,0.081134477
20150902,0.080315246
20150903,0.080172512
20150904,0.080924963
20150907,0.079851232
20150908,0.079528165
20150909,0.079528165
20150910,0.07974379
20150911,0.079492289
20150914,0.079312496
20150915,0.079492289
20150916,0.07938441
20150917,0.079312496
20150918,0.079492289
20150921,0.07938441
20150922,0.079240616
20150923,0.079456314
20150924,0.079240832
20150925,0.079564071
20150930,0.079995465
20151001,0.079276498
20151002,0.079672399
20151005,0.079601044
20151006,0.078988037
20151007,0.078735979
20151008,0.079204463
20151012,0.079168554
20151013,0.07938441
20151014,0.079312496
20151015,0.079636231
20151016,0.079240487
20151019,0.079348438
20151020,0.079348438
20151021,0.079132719
20151022,0.079312626
20151023,0.079528165
20151026,0.079528165
20151027,0.079528165
20151028,0.079528165
20151029,0.07931284
20151030,0.079420755
20151102,0.079815087
20151103,0.079707563
20151104,0.079707563
20151105,0.079635886
20151106,0.078885782
20151109,0.078257818
20151110,0.081060424
20151111,0.081166394
20151112,0.081166394
20151113,0.081166394
20151116,0.08137845
20151117,0.081201873
20151118,0.080989644
20151119,0.080989644
20151120,0.080424568
20151123,0.080779156
20151124,0.080746656
20151125,0.080718036
20151126,0.080491626
20151127,0.081585286
20151130,0.084329142
20151201,0.08569879
20151202,0.085400775
20151203,0.084897496
20151204,0.08330438
20151207,0.082431705
20151208,0.082187339
20151209,0.081659984
20151210,0.081061045
20151211,0.081483747
20151214,0.081413354
20151215,0.081518945
20151216,0.081167426
20151217,0.082257838
20151218,0.081554296
20151221,0.081695781
20151222,0.081166394
20151223,0.081166394
20151224,0.081166394
20151228,0.081095774
20151229,0.081272334
20151230,0.081237047
20160104,0.083193979
20160105,0.080673404
20160106,0.079886677
20160107,0.07992258
20160108,0.079635886
20160111,0.079958556
20160112,0.079635843
20160113,0.079635843
20160114,0.079492417
20160115,0.079707563
20160118,0.079707563
20160119,0.079707563
20160120,0.079851017
20160121,0.079635843
20160122,0.079635843
20160125,0.079635843
20160126,0.079707606
20160127,0.079456485
20160128,0.079600006
20160129,0.080714554
20160201,0.079781998
20160202,0.079132722
20160203,0.079459845
20160204,0.078481137
20160205,0.078481137
20160211,0.080380274
20160212,0.077093638
20160215,0.076950062
20160216,0.08109533
20160217,0.076686203
20160218,0.075875028
20160219,0.076210962
20160222,0.076801545
20160223,0.077606807
20160224,0.078044592
20160225,0.078044592
20160226,0.078044592
20160229,0.078117529
20160302,0.077935196
20160303,0.07797169
20160304,0.07800817
20160307,0.078117485
20160308,0.078117485
20160309,0.078994361
20160310,0.0768763
20160311,0.076774539
20160314,0.078445532
20160315,0.078518519
20160316,0.078699769
20160317,0.079240444
20160318,0.079096439
20160321,0.078881159
20160322,0.079241133
20160323,0.07967171
20160324,0.079600006
20160325,0.079635886
20160328,0.079671752
20160329,0.080785484
20160330,0.079204463
20160331,0.079384453
20160401,0.079348481
20160404,0.079890133
20160405,0.078988038
20160406,0.078879602
20160407,0.078879602
20160408,0.078879602
20160411,0.078807318
20160412,0.078771264
20160414,0.078267467
20160415,0.079348438
20160418,0.07906088
20160419,0.079492246
20160420,0.079923957
20160421,0.079132504
20160422,0.079492418
20160425,0.079276455
20160426,0.079636923
20160427,0.079096266
20160428,0.079096266
20160429,0.079096266
20160502,0.079096266
20160503,0.079819377
20160504,0.079824857
20160509,0.079653474
20160510,0.077606274
20160511,0.077312713
20160512,0.077422806
20160513,0.076690711
20160516,0.077569866
20160517,0.077533935
20160518,0.077499006
20160519,0.078154308
20160520,0.078626396
20160523,0.078408514
20160524,0.078481181
20160525,0.07793674
20160526,0.07858997
20160527,0.07858997
20160530,0.077722237
20160531,0.07909631
20160601,0.082272673
20160602,0.077349395
20160603,0.077349395
20160607,0.07815935
20160608,0.078277778
20160609,0.085141217
20160610,0.07226347
20160613,0.071835976
20160614,0.071524515
20160615,0.071407924
20160616,0.071680293
20160617,0.071098901
20160620,0.071759299
20160621,0.072726539
20160622,0.071065528
20160623,0.072840913
20160624,0.076671624
20160627,0.070584521
20160628,0.070505834
20160629,0.0707813
20160630,0.070387761
20160701,0.072364604
20160704,0.070550449
20160705,0.069835831
20160706,0.069677774
20160707,0.068757237
20160708,0.06887741
20160711,0.06887741
20160712,0.06887741
20160713,0.06871729
20160714,0.068957479
20160715,0.068957479
20160718,0.068957479
20160719,0.068957479
20160720,0.068957479
20160721,0.068957479
20160722,0.068957479
20160725,0.068957479
20160726,0.069037535
20160727,0.068917452
20160728,0.069077674
20160729,0.068837351
20160801,0.068837351
20160802,0.068837351
20160803,0.068757237
20160804,0.06887741
20160805,0.068957533
20160808,0.068757237
20160809,0.06887741
20160810,0.069117904
20160811,0.068596865
20160812,0.068837351
20160816,0.068837351
20160817,0.068757237
20160818,0.068957533
20160819,0.068757237
20160822,0.06871729
20160823,0.068877464
20160824,0.068757668
20160825,0.068957694
20160826,0.06919729
20160829,0.068004384
20160830,0.069635625
20160831,0.069319569
20160901,0.069677039
20160902,0.070782398
20160905,0.070506621
20160906,0.070032001
20160907,0.070507676
20160908,0.069794242
20160909,0.069318883
20160912,0.069242483
20160913,0.070269389
20160919,0.07034832
20160920,0.070584521
20160921,0.070584521
20160922,0.070663249
20160923,0.070387761
20160926,0.070545212
20160927,0.07050599
20160928,0.070663249
20160929,0.070859662
20160930,0.071687697
20161004,0.070190237
20161005,0.06975713
20161006,0.07034858
20161007,0.070466856
20161010,0.070428275
20161011,0.070547019
20161012,0.071564252
20161013,0.071251456
20161014,0.071094834
20161017,0.070429512
20161018,0.071094988
20161019,0.071017276
20161020,0.071329594
20161021,0.070553802
20161024,0.071758846
20161025,0.071528544
20161026,0.072339988
20161027,0.072840913
20161028,0.072378631
20161031,0.072802303
20161101,0.07268678
20161102,0.072918037
20161103,0.072494071
20161104,0.072455623
20161107,0.07268678
20161108,0.07268678
20161109,0.074390822
20161110,0.070674642
20161111,0.071415952
20161114,0.069047792
20161115,0.075008479
20161116,0.070837792
20161117,0.077129969
20161118,0.073860542
20161121,0.07684401
20161122,0.077756885
20161123,0.077188821
20161124,0.075986698
20161125,0.080466779
20161128,0.083805594
20161129,0.082158488
20161130,0.081453604
20161201,0.082360446
20161202,0.081270748
20161205,0.080647513
20161206,0.077831066
20161207,0.078473295
20161208,0.077108809
20161209,0.075271954
20161212,0.0761066
20161213,0.075472441
20161214,0.074526388
20161215,0.07303279
20161216,0.073340117
20161219,0.072879159
20161220,0.07334111
20161221,0.072802452
20161222,0.072263004
20161223,0.071727578
20161226,0.073224489
20161227,0.073761658
20161228,0.073648906
20161229,0.072841162
20170102,0.073889596
20170103,0.072967385
20170104,0.07215347
20170105,0.071450677
20170106,0.070151133
20170109,0.070033881
20170110,0.071135219
20170111,0.070545159
20170112,0.071018329
20170113,0.070229742
20170116,0.070348111
20170117,0.070584992
20170118,0.07022969
20170119,0.069835222
20170120,0.070426978
20170123,0.070033308
20170124,0.070074124
20170125,0.069726538
20170126,0.071096061
20170131,0.072069874
20170201,0.07179773
20170202,0.072505515
20170203,0.070820411
20170206,0.070781144
20170207,0.070820567
20170208,0.070584521
20170209,0.070505834
20170210,0.070623867
20170213,0.070702564
20170214,0.070584521
20170215,0.070270013
20170216,0.07074181
20170217,0.07074181
20170220,0.070820411
20170221,0.070702512
20170222,0.070623919
20170223,0.07074181
20170224,0.07034941
20170227,0.070938064
20170228,0.070938064
20170302,0.070624695
20170303,0.071094783
20170306,0.070625724
20170307,0.069775152
20170308,0.07172041
20170309,0.072069056
20170310,0.072108156
20170313,0.072802702
20170314,0.072532653
20170315,0.072339588
20170316,0.072455423
20170317,0.072455423
20170320,0.072455423
20170321,0.072455423
20170322,0.072378232
20170323,0.072494021
20170324,0.072339738
20170327,0.072725486
20170328,0.07257122
20170329,0.072764577
20170330,0.072765582
20170331,0.072146141
20170403,0.072418071
20170404,0.072146901
20170405,0.071680243
20170406,0.071602435
20170407,0.071641372
20170410,0.071680293
20170411,0.071874667
20170412,0.071758039
20170413,0.071602587
20170414,0.071758089
20170417,0.071796964
20170418,0.071913445
20170419,0.071680698
20170420,0.072029837
20170421,0.071874819
20170424,0.07187507
20170425,0.072223516
20170426,0.07230093
20170427,0.072339739
20170428,0.072262407
20170502,0.072418071
20170504,0.072146901
20170508,0.071913902
20170510,0.071797372
20170511,0.071680702
20170512,0.072190997
20170515,0.070977319
20170516,0.07085961
20170517,0.071095248
20170518,0.07074181
20170519,0.07074181
20170522,0.070584729
20170523,0.070820359
20170524,0.070741862
20170525,0.07085961
20170526,0.070781144
20170529,0.070898845
20170530,0.071055834
20170531,0.070820359
20170601,0.070898897
20170602,0.070781092
20170605,0.070702563
20170607,0.070428275
20170608,0.070859816
20170609,0.070781917
20170612,0.070782943
20170613,0.07148548
20170614,0.07148548
20170615,0.071563483
20170616,0.071368487
20170619,0.07148548
20170620,0.07148548
20170621,0.071173866
20170622,0.071641321
20170623,0.071485684
20170626,0.071719148
20170627,0.071485938
20170628,0.071138038
20170629,0.072107405
20170630,0.072843926
20170703,0.071991106
20170704,0.072030039
20170705,0.072108166
20170706,0.072031108
20170707,0.071758856
20170710,0.071603204
20170711,0.071447304
20170712,0.071369725
20170713,0.071016921
20170714,0.070663197
20170717,0.070663197
20170718,0.071056925
20170719,0.070466388
20170720,0.070466388
20170721,0.070466388
20170724,0.070466388
20170725,0.070545212
20170726,0.070426978
20170727,0.070742645
20170728,0.070506253
20170731,0.070229742
20170801,0.070348584
20170802,0.070150873
20170803,0.069913194
20170804,0.069913194
20170807,0.069913194
20170808,0.06975477
20170809,0.069913247
20170810,0.070032001
20170811,0.070032001
20170814,0.070032001
20170816,0.070032001
20170817,0.070032001
20170818,0.070032001
20170821,0.070032001
20170822,0.070032001
20170823,0.070032001
20170824,0.070032001
20170825,0.070269653
20170828,0.069913194
20170829,0.069913194
20170830,0.070151138
20170831,0.069873612
20170901,0.069833962
20170904,0.06971486
20170905,0.070032849
20170906,0.069794721
20170907,0.069595878
20170908,0.069356836
20170911,0.069436564
20170912,0.069316974
20170913,0.069237254
20170914,0.069197504
20170915,0.069436511
20170918,0.069356889
20170919,0.069317187
20170920,0.069555901
20170921,0.069476377
20170922,0.069595665
20170925,0.069595665
20170926,0.069277947
20170927,0.067235226
20170928,0.070703338
20170929,0.071173048
20171010,0.070626391
20171011,0.071368487
20171012,0.071407517
20171013,0.071524464
20171016,0.070902117
20171017,0.071525276
20171018,0.071913495
20171019,0.069950222
20171020,0.070862148
20171023,0.07501411
20171024,0.074369948
20171025,0.073836629
20171026,0.071587345
20171027,0.074633839
20171030,0.074140213
20171031,0.073302282
20171101,0.074101921
20171102,0.07375925
20171103,0.07375925
20171106,0.07375925
20171107,0.073683083
20171108,0.07311346
20171109,0.072704272
20171110,0.073582383
20171113,0.073932267
20171114,0.075242743
20171115,0.075693203
20171116,0.07603314
20171117,0.077716614
20171120,0.078153911
20171121,0.078153911
20171122,0.077862832
20171123,0.078299479
20171124,0.077863714
20171127,0.078299875
20171128,0.07862622
20171129,0.078481312
20171130,0.077113304
20171201,0.078990106
20171204,0.079815087
20171205,0.079492632
20171206,0.079886677
20171207,0.079564456
20171208,0.079815087
20171211,0.080495769
20171212,0.080066922
20171213,0.079420368
20171214,0.079420368
20171215,0.079276628
20171218,0.079276843
20171219,0.079599963
20171220,0.079599963
20171221,0.079599963
20171222,0.079528208
20171226,0.079492417
20171227,0.079635886
20171228,0.079886805
20180102,0.07988702
20180103,0.079635886
20180104,0.079528165
20180105,0.079528165
20180108,0.079528165
20180109,0.079528165
20180110,0.079528165
20180111,0.079600006
20180112,0.079492246
20180115,0.079492246
20180116,0.079492246
20180117,0.079492246
20180118,0.079564114
20180119,0.079456314
20180122,0.079456314
20180123,0.079456314
20180124,0.079384453
20180125,0.079492246
20180126,0.079492246
20180129,0.079420411
20180130,0.079528165
20180131,0.079528165
20180201,0.079528165
20180202,0.079528165
20180205,0.079528165
20180206,0.079528165
20180207,0.079528165
20180208,0.079528165
20180209,0.079528165
20180212,0.079528165
20180213,0.079528165
20180214,0.079528165
20180219,0.079528165
20180220,0.079456357
20180221,0.079564071
20180222,0.079564071
20180223,0.079564071
20180226,0.079635886
20180227,0.079528165
20180228,0.079528165
20180302,0.079528165
20180305,0.079528165
20180306,0.079528165
20180307,0.079456357
20180308,0.079564071
20180309,0.079564071
20180312,0.07942054
20180313,0.079635843
20180314,0.079635843
20180315,0.079635843
20180316,0.079635843
20180319,0.079420755
20180320,0.079671752
20180321,0.079779231
20180322,0.07992258
20180323,0.079707563
20180326,0.079707563
20180327,0.079707563
20180328,0.079707563
20180329,0.079277999
20180330,0.079850888
20180402,0.080029698
20180403,0.079922409
20180404,0.079922409
20180405,0.079922409
20180406,0.079922409
20180409,0.079850888
20180410,0.079958171
20180411,0.079958171
20180412,0.079958171
20180413,0.079958171
20180416,0.079672392
20180417,0.080029698
20180418,0.07999409
20180419,0.080208141
20180420,0.080136828
20180423,0.080030037
20180424,0.080350695
20180425,0.080137166
20180426,0.080457476
20180427,0.080457476
20180430,0.080457476
20180502,0.080457476
20180503,0.080457476
20180504,0.080457476
20180508,0.080386344
20180509,0.080493043
20180510,0.080493043
20180511,0.080493043
20180514,0.080421937
20180515,0.080457518
20180516,0.08056414
20180517,0.08056414
20180518,0.08056414
20180521,0.080138302
20180523,0.080352205
20180524,0.081060424
20180525,0.080883482
20180528,0.080848181
20180529,0.081060382
20180530,0.081060382
20180531,0.081060382
20180601,0.081060382
20180604,0.080848389
20180605,0.080884106
20180607,0.081237047
20180608,0.081342828
20180611,0.081201872
20180612,0.081131731
20180614,0.080852141
20180615,0.081905297
20180618,0.081695116
20180619,0.082010402
20180620,0.082010402
20180621,0.082080451
20180622,0.08197538
20180625,0.081905338
20180626,0.081800446
20180627,0.082115396
20180628,0.082115396
20180629,0.082115396
20180702,0.082045453
20180703,0.082080451
20180704,0.08232521
20180705,0.082255376
20180706,0.082045413
20180709,0.082045413
20180710,0.082045413
20180711,0.08225558
20180712,0.081380696
20180713,0.08215041
20180716,0.082325088
20180717,0.082220278
20180718,0.082290177
20180719,0.082185329
20180720,0.082395198
20180723,0.082080411
20180724,0.082080411
20180725,0.082080411
20180726,0.082290503
20180727,0.081835327
20180730,0.081835531
20180731,0.082150369
20180801,0.082220318
20180802,0.082255376
20180803,0.082185492
20180806,0.082185697
20180807,0.082291608
20180808,0.081800243
20180809,0.081659654
20180810,0.081624506
20180813,0.081589345
20180814,0.081483747
20180816,0.081554172
20180817,0.081448536
20180820,0.081448536
20180821,0.081518987
20180822,0.081413313
20180823,0.081413313
20180824,0.081413313
20180827,0.081695408
20180828,0.081272293
20180829,0.081272293
20180830,0.080990307
20180831,0.082261149
20180903,0.081131236
20180904,0.080918854
20180905,0.080918854
20180906,0.080706556
20180907,0.081025019
20180910,0.081166561
20180911,0.081095899
20180912,0.080954297
20180913,0.080777164
20180914,0.08088344
20180917,0.08088344
20180918,0.08088344
20180919,0.08088344
20180920,0.080176656
20180921,0.081237006
20180927,0.080673347
20180928,0.081097218
20181001,0.081589468
20181002,0.081800079
20181004,0.081449562
20181005,0.081835327
20181008,0.081556131
20181010,0.082220318
20181011,0.082325047
20181012,0.081698036
20181015,0.082082991
20181016,0.082086187
20181017,0.082642664
20181018,0.083745877
20181019,0.083642569
20181022,0.083642569
20181023,0.083642569
20181024,0.083642569
20181025,0.083573703
20181026,0.083677004
20181029,0.084713324
20181030,0.0828135
20181031,0.083401228
20181101,0.083366697
20181102,0.083193859
20181105,0.08392092
20181106,0.083194179
20181107,0.083229411
20181108,0.082708252
20181109,0.082777806
20181112,0.082673477
20181113,0.082673477
20181114,0.082673477
20181115,0.082673477
20181116,0.082673477
20181119,0.082673477
20181120,0.082326054
20181121,0.082154384
20181122,0.082710204
20181123,0.082884481
20181126,0.083780275
20181127,0.083952679
20181128,0.083263623
20181129,0.083333099
20181130,0.075682801
20181203,0.087889391
20181204,0.087988277
20181205,0.087988277
20181206,0.087988277
20181207,0.087988277
20181210,0.088186147
20181211,0.08795535
20181212,0.08785636
20181213,0.08785636
20181214,0.087988421
20181217,0.087922485
20181218,0.087790371
20181219,0.087757342
20181220,0.087658153
20181221,0.087658153
20181224,0.087459874
20181226,0.087691251
20181227,0.087724302
20181228,0.087823353
20190102,0.087823353
20190103,0.087823353
20190104,0.088087676
20190107,0.087823497
20190108,0.087757451
20190109,0.08769136
20190110,0.087492677
20190111,0.087492677
20190114,0.087426445
20190115,0.087459585
20190116,0.087360423
20190117,0.087525939
20190118,0.08759214
20190121,0.087658297
20190122,0.08785636
20190123,0.08785636
20190124,0.087790371
20190125,0.08775745
20190128,0.08775763
20190129,0.087856683
20190130,0.088218746
20190131,0.088120019
20190201,0.088120019
20190207,0.088449502
20190208,0.088219285
20190211,0.087823353
20190212,0.087823353
20190213,0.087823353
20190214,0.087823353
20190215,0.087823353
20190218,0.087823353
20190219,0.087823353
20190220,0.087823353
20190221,0.087559478
20190222,0.087955314
20190225,0.087889391
20190226,0.088054206
20190227,0.087955314
20190228,0.087955314
20190304,0.087889391
20190305,0.087856503
20190306,0.08805417
20190307,0.08805417
20190308,0.08805417
20190311,0.087922484
20190312,0.088120019
20190313,0.088120019
20190314,0.088120019
20190315,0.088120019
20190318,0.088120019
20190319,0.088251728
20190320,0.087856683
20190321,0.088152927
20190322,0.088218746
20190325,0.088120019
20190326,0.088120019
20190327,0.088251728
20190328,0.088449898
20190329,0.08785636
20190401,0.087790371
20190402,0.087889355
20190403,0.087889355
20190404,0.087889355
20190405,0.087889355
20190408,0.087889355
20190409,0.087889355
20190410,0.087889355
20190411,0.087889355
20190412,0.087889355
20190415,0.087823389
20190416,0.08792234
20190417,0.08792234
20190418,0.08792234
20190419,0.087856396
20190422,0.087955314
20190423,0.088087243
20190424,0.087889355
20190425,0.088087424
20190426,0.087790335
20190429,0.087988602
20190430,0.087955892
20190502,0.087426554
20190503,0.08762508
20190507,0.087889934
20190508,0.087890661
20190509,0.087692527
20190510,0.087360682
20190513,0.087161222
20190514,0.087462525
20190515,0.086895584
20190516,0.087199461
20190517,0.086125368
20190520,0.085923505
20190521,0.086395367
20190522,0.086025355
20190523,0.086196144
20190524,0.085248172
20190527,0.085553996
20190528,0.084942703
20190529,0.085555723
20190530,0.084636322
20190531,0.086903094
20190603,0.083711782
20190604,0.084023893
20190605,0.084901522
20190607,0.082535268
20190610,0.083346788
20190611,0.082191274
20190612,0.082341685
20190613,0.080493721
20190614,0.080208311
20190617,0.080136956
20190618,0.079922409
20190619,0.079922409
20190620,0.080065549
20190621,0.079850846
20190624,0.079850846
20190625,0.079564755
20190626,0.07999392
20190627,0.07999392
20190628,0.07999392
20190701,0.080136956
20190702,0.080065549
20190703,0.079922452
20190704,0.079815045
20190705,0.079958342
20190708,0.079743403
20190709,0.079743403
20190710,0.079743403
20190711,0.080102158
20190712,0.079635886
20190715,0.079671882
20190716,0.079744092
20190717,0.080395995
20190718,0.080664582
20190719,0.078852162
20190722,0.077386152
20190723,0.077865006
20190724,0.0782398
20190725,0.077395102
20190726,0.07628037
20190729,0.075907505
20190730,0.075983554
20190731,0.075797914
20190801,0.075046081
20190802,0.077480652
20190805,0.076189599
20190806,0.072378635
20190807,0.072495836
20190808,0.071874667
20190809,0.071991512
20190812,0.071875074
20190813,0.072227642
20190814,0.071251301
20190816,0.071682761
20190819,0.071409999
20190820,0.070899677
20190821,0.070663667
20190822,0.070862173
20190823,0.069952865
20190826,0.070547053
20190827,0.069675356
20190828,0.070071782
20190829,0.069992626
20190830,0.069754559
20190902,0.069595877
20190903,0.069833909
20190904,0.069754612
20190905,0.069715071
20190906,0.069557222
20190909,0.070705083
20190910,0.0702705
20190911,0.069675144
20190916,0.069675144
20190917,0.069913672
20190918,0.069555901
20190919,0.069715073
20190920,0.069476324
20190923,0.069476324
20190924,0.069396735
20190925,0.069436564
20190926,0.069555901
20190927,0.069555901
20190930,0.069715073
20191001,0.069476324
20191002,0.069874891
20191004,0.070880941
20191007,0.068476073
20191008,0.068476073
20191010,0.068476073
20191011,0.068476073
20191014,0.068717564
20191015,0.068355348
20191016,0.068355348
20191017,0.068033555
20191018,0.068355566
20191021,0.067875354
20191022,0.069037535
20191023,0.068757399
20191024,0.068677812
20191025,0.068678885
20191028,0.068760608
20191029,0.06971486
20191030,0.069873772
20191031,0.069635413
20191101,0.070033328
20191104,0.069595878
20191105,0.069675999
20191106,0.06919729
20191107,0.06919729
20191108,0.069277149
20191111,0.068838211
20191112,0.068759809
20191113,0.069595665
20191114,0.069357315
20191115,0.06971486
20191118,0.069635466
20191119,0.069595877
20191120,0.069596141
20191121,0.069873612
20191122,0.070071623
20191125,0.069952812
20191126,0.069873612
20191127,0.069992414
20191128,0.069992414
20191129,0.070309496
20191202,0.069833909
20191203,0.069913247
20191204,0.069794242
20191205,0.069794242
20191206,0.069953024
20191209,0.069873772
20191210,0.06939716
20191211,0.069754559
20191212,0.069675197
20191213,0.069556378
20191216,0.06975477
20191217,0.069675989
20191218,0.070229742
20191219,0.069874033
20191220,0.07022969
20191223,0.07022969
20191224,0.07022969
20191226,0.069992887
20191227,0.070269232
20191230,0.070387552
