,return
20100104,2.38
20100105,2.34
20100106,2.34
20100107,2.32
20100108,2.31
20100111,2.28
20100112,2.27
20100113,2.26
20100114,2.27
20100115,2.28
20100118,2.31
20100119,2.3
20100120,2.33
20100121,2.36
20100122,2.36
20100125,2.36
20100126,2.35
20100127,2.36
20100128,2.39
20100129,2.39
20100201,2.4
20100202,2.36
20100203,2.32
20100204,2.29
20100205,2.25
20100208,2.24
20100209,2.23
20100210,2.26
20100211,2.25
20100212,2.24
20100216,2.24
20100217,2.22
20100218,2.22
20100219,2.25
20100222,2.26
20100223,2.23
20100224,2.23
20100225,2.21
20100226,2.2
20100302,2.17
20100303,2.15
20100304,2.15
20100305,2.16
20100308,2.17
20100309,2.17
20100310,2.19
20100311,2.18
20100312,2.17
20100315,2.18
20100316,2.17
20100317,2.16
20100318,2.15
20100319,2.15
20100322,2.15
20100323,2.17
20100324,2.17
20100325,2.13
20100326,2.12
20100329,2.12
20100330,2.12
20100331,2.12
20100401,2.1
20100402,2.1
20100405,2.11
20100406,2.11
20100407,2.11
20100408,2.09
20100409,2.1
20100412,2.11
20100413,2.11
20100414,2.12
20100415,2.12
20100416,2.11
20100419,2.12
20100420,2.12
20100421,2.12
20100422,2.12
20100423,2.12
20100426,2.11
20100427,2.09
20100428,2.08
20100429,2.07
20100430,2.07
20100503,2.09
20100504,2.09
20100506,2.09
20100507,2.09
20100510,2.09
20100511,2.09
20100512,2.1
20100513,2.11
20100514,2.12
20100517,2.13
20100518,2.13
20100519,2.14
20100520,2.14
20100524,2.14
20100525,2.14
20100526,2.14
20100527,2.15
20100528,2.16
20100531,2.16
20100601,2.16
20100603,2.17
20100604,2.18
20100607,2.17
20100608,2.16
20100609,2.16
20100610,2.16
20100611,2.16
20100614,2.13
20100615,2.13
20100616,2.11
20100617,2.1
20100618,2.1
20100621,2.1
20100622,2.12
20100623,2.14
20100624,2.16
20100625,2.18
20100628,2.22
20100629,2.22
20100630,2.23
20100701,2.23
20100702,2.22
20100705,2.22
20100706,2.22
20100707,2.23
20100708,2.26
20100709,2.33
20100712,2.36
20100713,2.38
20100714,2.39
20100715,2.38
20100716,2.37
20100719,2.36
20100720,2.36
20100721,2.36
20100722,2.35
20100723,2.36
20100726,2.38
20100727,2.38
20100728,2.38
20100729,2.38
20100730,2.38
20100802,2.4
20100803,2.4
20100804,2.4
20100805,2.42
20100806,2.43
20100809,2.45
20100810,2.46
20100811,2.46
20100812,2.44
20100813,2.43
20100816,2.44
20100817,2.44
20100818,2.44
20100819,2.44
20100820,2.44
20100823,2.46
20100824,2.47
20100825,2.48
20100826,2.49
20100827,2.51
20100830,2.55
20100831,2.55
20100901,2.58
20100902,2.57
20100903,2.58
20100906,2.58
20100907,2.58
20100908,2.58
20100909,2.49
20100910,2.48
20100913,2.45
20100914,2.4
20100915,2.4
20100916,2.39
20100917,2.4
20100920,2.4
20100924,2.39
20100927,2.38
20100928,2.39
20100929,2.4
20100930,2.41
20101001,2.41
20101004,2.43
20101005,2.44
20101006,2.45
20101007,2.48
20101008,2.51
20101011,2.53
20101012,2.54
20101013,2.56
20101014,2.39
20101015,2.39
20101018,2.4
20101019,2.42
20101020,2.43
20101021,2.43
20101022,2.39
20101025,2.39
20101026,2.37
20101027,2.38
20101028,2.37
20101029,2.37
20101101,2.42
20101102,2.43
20101103,2.44
20101104,2.45
20101105,2.47
20101108,2.47
20101109,2.48
20101110,2.47
20101111,2.47
20101112,2.48
20101115,2.5
20101116,2.5
20101117,2.5
20101118,2.5
20101119,2.5
20101122,2.5
20101123,2.52
20101124,2.52
20101125,2.52
20101126,2.51
20101129,2.51
20101130,2.51
20101201,2.51
20101202,2.5
20101203,2.5
20101206,2.49
20101207,2.49
20101208,2.49
20101209,2.49
20101210,2.48
20101213,2.5
20101214,2.51
20101215,2.51
20101216,2.5
20101217,2.5
20101220,2.5
20101221,2.49
20101222,2.49
20101223,2.49
20101224,2.49
20101227,2.52
20101228,2.53
20101229,2.54
20101230,2.54
20110103,2.55
20110104,2.54
20110105,2.54
20110106,2.54
20110107,2.53
20110110,2.53
20110111,2.55
20110112,2.55
20110113,2.61
20110114,2.7
20110117,2.78
20110118,2.79
20110119,2.82
20110120,2.83
20110121,2.84
20110124,2.86
20110125,2.86
20110126,2.86
20110127,2.87
20110128,2.87
20110131,2.9
20110201,2.92
20110207,2.97
20110208,2.98
20110209,2.99
20110210,3.01
20110211,2.99
20110214,3.0
20110215,2.98
20110216,2.97
20110217,2.97
20110218,2.97
20110221,2.98
20110222,2.98
20110223,2.99
20110224,3.0
20110225,3.01
20110228,3.02
20110302,3.03
20110303,3.04
20110304,3.04
20110307,3.05
20110308,3.04
20110309,3.04
20110310,3.04
20110311,3.05
20110314,3.05
20110315,3.04
20110316,3.06
20110317,3.06
20110318,3.06
20110321,3.07
20110322,3.06
20110323,3.05
20110324,3.04
20110325,3.05
20110328,3.05
20110329,3.04
20110330,3.04
20110331,3.04
20110401,3.03
20110404,3.03
20110405,3.03
20110406,3.03
20110407,3.02
20110408,3.04
20110411,3.04
20110412,3.04
20110413,3.04
20110414,3.04
20110415,3.05
20110418,3.05
20110419,3.05
20110420,3.07
20110421,3.09
20110422,3.11
20110425,3.15
20110426,3.15
20110427,3.16
20110428,3.16
20110429,3.17
20110502,3.18
20110503,3.18
20110504,3.17
20110506,3.17
20110509,3.17
20110511,3.17
20110512,3.17
20110513,3.16
20110516,3.15
20110517,3.15
20110518,3.14
20110519,3.14
20110520,3.14
20110523,3.14
20110524,3.14
20110525,3.14
20110526,3.14
20110527,3.14
20110530,3.14
20110531,3.14
20110601,3.17
20110602,3.14
20110603,3.14
20110607,3.13
20110608,3.13
20110609,3.14
20110610,3.25
20110613,3.27
20110614,3.28
20110615,3.28
20110616,3.26
20110617,3.27
20110620,3.27
20110621,3.28
20110622,3.27
20110623,3.27
20110624,3.31
20110627,3.31
20110628,3.32
20110629,3.34
20110630,3.34
20110701,3.34
20110704,3.34
20110705,3.34
20110706,3.34
20110707,3.34
20110708,3.36
20110711,3.35
20110712,3.33
20110713,3.32
20110714,3.32
20110715,3.32
20110718,3.32
20110719,3.32
20110720,3.32
20110721,3.32
20110722,3.33
20110725,3.34
20110726,3.35
20110727,3.36
20110728,3.37
20110729,3.39
20110801,3.42
20110802,3.41
20110803,3.41
20110804,3.41
20110805,3.4
20110808,3.39
20110809,3.38
20110810,3.34
20110811,3.35
20110812,3.35
20110816,3.35
20110817,3.36
20110818,3.35
20110819,3.34
20110822,3.33
20110823,3.32
20110824,3.31
20110825,3.31
20110826,3.3
20110829,3.32
20110830,3.32
20110831,3.32
20110901,3.3
20110902,3.3
20110905,3.27
20110906,3.27
20110907,3.27
20110908,3.25
20110909,3.25
20110914,3.24
20110915,3.25
20110916,3.25
20110919,3.28
20110920,3.28
20110921,3.28
20110922,3.28
20110923,3.28
20110926,3.31
20110927,3.31
20110928,3.34
20110929,3.35
20110930,3.34
20111004,3.32
20111005,3.3
20111006,3.3
20111007,3.3
20111010,3.3
20111011,3.31
20111012,3.3
20111013,3.29
20111014,3.29
20111017,3.31
20111018,3.31
20111019,3.31
20111020,3.31
20111021,3.33
20111024,3.37
20111025,3.38
20111026,3.38
20111027,3.39
20111028,3.4
20111031,3.39
20111101,3.38
20111102,3.38
20111103,3.36
20111104,3.36
20111107,3.35
20111108,3.34
20111109,3.34
20111110,3.33
20111111,3.33
20111114,3.33
20111115,3.3
20111116,3.29
20111117,3.3
20111118,3.29
20111121,3.3
20111122,3.3
20111123,3.3
20111124,3.31
20111125,3.34
20111128,3.36
20111129,3.36
20111130,3.34
20111201,3.34
20111202,3.32
20111205,3.32
20111206,3.31
20111207,3.3
20111208,3.32
20111209,3.32
20111212,3.32
20111213,3.32
20111214,3.31
20111215,3.3
20111216,3.3
20111219,3.34
20111220,3.33
20111221,3.33
20111222,3.34
20111223,3.36
20111226,3.39
20111227,3.4
20111228,3.41
20111229,3.4
20120102,3.38
20120103,3.38
20120104,3.37
20120105,3.36
20120106,3.36
20120109,3.36
20120110,3.36
20120111,3.36
20120112,3.36
20120113,3.35
20120116,3.35
20120117,3.35
20120118,3.35
20120119,3.35
20120120,3.35
20120125,3.36
20120126,3.36
20120127,3.35
20120130,3.35
20120131,3.35
20120201,3.35
20120202,3.35
20120203,3.35
20120206,3.35
20120207,3.36
20120208,3.36
20120209,3.36
20120210,3.36
20120213,3.37
20120214,3.36
20120215,3.37
20120216,3.36
20120217,3.37
20120220,3.37
20120221,3.35
20120222,3.37
20120223,3.37
20120224,3.38
20120227,3.38
20120228,3.39
20120229,3.39
20120302,3.4
20120305,3.4
20120306,3.4
20120307,3.4
20120308,3.4
20120309,3.4
20120312,3.4
20120313,3.4
20120314,3.41
20120315,3.42
20120316,3.43
20120319,3.44
20120320,3.44
20120321,3.45
20120322,3.44
20120323,3.44
20120326,3.44
20120327,3.44
20120328,3.44
20120329,3.44
20120330,3.43
20120402,3.43
20120403,3.42
20120404,3.42
20120405,3.41
20120406,3.4
20120409,3.39
20120410,3.36
20120412,3.35
20120413,3.35
20120416,3.34
20120417,3.34
20120418,3.34
20120419,3.34
20120420,3.34
20120423,3.35
20120424,3.36
20120425,3.36
20120426,3.36
20120427,3.36
20120430,3.36
20120502,3.36
20120503,3.36
20120504,3.35
20120507,3.34
20120508,3.34
20120509,3.33
20120510,3.34
20120511,3.34
20120514,3.34
20120515,3.33
20120516,3.33
20120517,3.33
20120518,3.32
20120521,3.32
20120522,3.32
20120523,3.32
20120524,3.32
20120525,3.32
20120529,3.32
20120530,3.32
20120531,3.31
20120601,3.29
20120604,3.28
20120605,3.28
20120607,3.29
20120608,3.27
20120611,3.28
20120612,3.28
20120613,3.28
20120614,3.27
20120615,3.26
20120618,3.26
20120619,3.26
20120620,3.26
20120621,3.26
20120622,3.26
20120625,3.26
20120626,3.26
20120627,3.26
20120628,3.26
20120629,3.27
20120702,3.27
20120703,3.27
20120704,3.26
20120705,3.26
20120706,3.24
20120709,3.21
20120710,3.21
20120711,3.18
20120712,2.97
20120713,2.95
20120716,2.94
20120717,2.9
20120718,2.87
20120719,2.85
20120720,2.83
20120723,2.79
20120724,2.79
20120725,2.75
20120726,2.76
20120727,2.81
20120730,2.8
20120731,2.8
20120801,2.78
20120802,2.77
20120803,2.76
20120806,2.75
20120807,2.75
20120808,2.74
20120809,2.77
20120810,2.77
20120813,2.79
20120814,2.83
20120816,2.89
20120817,2.88
20120820,2.91
20120821,2.89
20120822,2.89
20120823,2.89
20120824,2.88
20120827,2.88
20120828,2.87
20120829,2.86
20120830,2.85
20120831,2.84
20120903,2.81
20120904,2.79
20120905,2.77
20120906,2.77
20120907,2.78
20120910,2.78
20120911,2.76
20120912,2.76
20120913,2.82
20120914,2.81
20120917,2.84
20120918,2.82
20120919,2.83
20120920,2.8
20120921,2.82
20120924,2.82
20120925,2.82
20120926,2.82
20120927,2.83
20120928,2.82
20121002,2.8
20121004,2.79
20121005,2.79
20121008,2.78
20121009,2.78
20121010,2.73
20121011,2.74
20121012,2.74
20121015,2.74
20121016,2.74
20121017,2.74
20121018,2.74
20121019,2.74
20121022,2.75
20121023,2.73
20121024,2.72
20121025,2.73
20121026,2.72
20121029,2.72
20121030,2.72
20121031,2.71
20121101,2.71
20121102,2.71
20121105,2.71
20121106,2.71
20121107,2.71
20121108,2.71
20121109,2.71
20121112,2.71
20121113,2.7
20121114,2.7
20121115,2.7
20121116,2.7
20121119,2.71
20121120,2.71
20121121,2.71
20121122,2.71
20121123,2.72
20121126,2.71
20121127,2.72
20121128,2.72
20121129,2.72
20121130,2.72
20121203,2.72
20121204,2.73
20121205,2.73
20121206,2.73
20121207,2.73
20121210,2.74
20121211,2.73
20121212,2.73
20121213,2.74
20121214,2.74
20121217,2.74
20121218,2.74
20121220,2.74
20121221,2.73
20121224,2.73
20121226,2.74
20121227,2.73
20121228,2.73
20130102,2.73
20130103,2.71
20130104,2.69
20130107,2.69
20130108,2.68
20130109,2.68
20130110,2.66
20130111,2.7
20130114,2.7
20130115,2.69
20130116,2.69
20130117,2.69
20130118,2.7
20130121,2.7
20130122,2.7
20130123,2.7
20130124,2.7
20130125,2.7
20130128,2.71
20130129,2.71
20130130,2.72
20130131,2.71
20130201,2.71
20130204,2.71
20130205,2.7
20130206,2.68
20130207,2.68
20130208,2.68
20130212,2.67
20130213,2.68
20130214,2.68
20130215,2.67
20130218,2.66
20130219,2.65
20130220,2.66
20130221,2.64
20130222,2.65
20130225,2.64
20130226,2.63
20130227,2.62
20130228,2.62
20130304,2.61
20130305,2.61
20130306,2.62
20130307,2.63
20130308,2.63
20130311,2.63
20130312,2.6
20130313,2.6
20130314,2.61
20130315,2.61
20130318,2.6
20130319,2.6
20130320,2.6
20130321,2.6
20130322,2.6
20130325,2.6
20130326,2.6
20130327,2.61
20130328,2.53
20130329,2.55
20130401,2.54
20130402,2.52
20130403,2.51
20130404,2.51
20130405,2.49
20130408,2.49
20130409,2.5
20130410,2.49
20130411,2.61
20130412,2.65
20130415,2.65
20130416,2.63
20130417,2.63
20130418,2.62
20130419,2.64
20130422,2.67
20130423,2.66
20130424,2.69
20130425,2.68
20130426,2.67
20130429,2.65
20130430,2.61
20130502,2.57
20130503,2.58
20130506,2.66
20130507,2.64
20130508,2.63
20130509,2.57
20130510,2.55
20130513,2.54
20130514,2.53
20130515,2.52
20130516,2.52
20130520,2.53
20130521,2.53
20130522,2.54
20130523,2.53
20130524,2.53
20130527,2.53
20130528,2.53
20130529,2.57
20130530,2.56
20130531,2.56
20130603,2.55
20130604,2.55
20130605,2.54
20130607,2.52
20130610,2.52
20130611,2.52
20130612,2.52
20130613,2.51
20130614,2.51
20130617,2.52
20130618,2.52
20130619,2.52
20130620,2.57
20130621,2.6
20130624,2.63
20130625,2.61
20130626,2.62
20130627,2.62
20130628,2.58
20130701,2.56
20130702,2.52
20130703,2.49
20130704,2.46
20130705,2.46
20130708,2.47
20130709,2.47
20130710,2.46
20130711,2.46
20130712,2.47
20130715,2.48
20130716,2.48
20130717,2.48
20130718,2.48
20130719,2.49
20130722,2.5
20130723,2.51
20130724,2.52
20130725,2.54
20130726,2.55
20130729,2.55
20130730,2.57
20130731,2.58
20130801,2.57
20130802,2.56
20130805,2.54
20130806,2.53
20130807,2.53
20130808,2.52
20130809,2.52
20130812,2.52
20130813,2.53
20130814,2.54
20130816,2.55
20130819,2.55
20130820,2.54
20130821,2.54
20130822,2.56
20130823,2.55
20130826,2.55
20130827,2.55
20130828,2.55
20130829,2.55
20130830,2.55
20130902,2.55
20130903,2.54
20130904,2.54
20130905,2.55
20130906,2.54
20130909,2.53
20130910,2.53
20130911,2.53
20130912,2.53
20130913,2.53
20130916,2.53
20130917,2.53
20130923,2.53
20130924,2.55
20130925,2.55
20130926,2.55
20130927,2.54
20130930,2.54
20131001,2.55
20131002,2.54
20131004,2.54
20131007,2.54
20131008,2.54
20131010,2.54
20131011,2.54
20131014,2.54
20131015,2.54
20131016,2.53
20131017,2.53
20131018,2.53
20131021,2.53
20131022,2.53
20131023,2.53
20131024,2.53
20131025,2.53
20131028,2.542
20131029,2.537
20131030,2.535
20131031,2.535
20131101,2.536
20131104,2.536
20131105,2.536
20131106,2.536
20131107,2.5380000000000003
20131108,2.5380000000000003
20131111,2.546
20131112,2.546
20131113,2.545
20131114,2.541
20131115,2.5380000000000003
20131118,2.537
20131119,2.537
20131120,2.535
20131121,2.532
20131122,2.532
20131125,2.532
20131126,2.528
20131127,2.528
20131128,2.53
20131129,2.53
20131202,2.532
20131203,2.54
20131204,2.54
20131205,2.537
20131206,2.536
20131209,2.532
20131210,2.533
20131211,2.54
20131212,2.537
20131213,2.536
20131216,2.536
20131217,2.542
20131218,2.548
20131219,2.563
20131220,2.568
20131223,2.588
20131224,2.59
20131226,2.59
20131227,2.562
20131230,2.562
20140102,2.56
20140103,2.5580000000000003
20140106,2.533
20140107,2.531
20140108,2.526
20140109,2.526
20140110,2.533
20140113,2.541
20140114,2.5469999999999997
20140115,2.548
20140116,2.546
20140117,2.548
20140120,2.556
20140121,2.557
20140122,2.56
20140123,2.5580000000000003
20140124,2.5610000000000004
20140127,2.573
20140128,2.577
20140129,2.576
20140203,2.573
20140204,2.563
20140205,2.5610000000000004
20140206,2.5610000000000004
20140207,2.5580000000000003
20140210,2.5580000000000003
20140211,2.5580000000000003
20140212,2.5580000000000003
20140213,2.5580000000000003
20140214,2.5580000000000003
20140217,2.5580000000000003
20140218,2.5580000000000003
20140219,2.5580000000000003
20140220,2.5580000000000003
20140221,2.5580000000000003
20140224,2.5580000000000003
20140225,2.5610000000000004
20140226,2.563
20140227,2.563
20140228,2.563
20140303,2.573
20140304,2.573
20140305,2.573
20140306,2.573
20140307,2.573
20140310,2.573
20140311,2.582
20140312,2.582
20140313,2.582
20140314,2.573
20140317,2.576
20140318,2.575
20140319,2.575
20140320,2.575
20140321,2.577
20140324,2.577
20140325,2.576
20140326,2.576
20140327,2.575
20140328,2.576
20140331,2.575
20140401,2.575
20140402,2.571
20140403,2.57
20140404,2.568
20140407,2.5669999999999997
20140408,2.5669999999999997
20140409,2.5669999999999997
20140410,2.568
20140411,2.568
20140414,2.571
20140415,2.571
20140416,2.571
20140417,2.571
20140418,2.571
20140421,2.571
20140422,2.572
20140423,2.576
20140424,2.576
20140425,2.576
20140428,2.5780000000000003
20140429,2.58
20140430,2.58
20140502,2.5780000000000003
20140507,2.576
20140508,2.573
20140509,2.572
20140512,2.571
20140513,2.571
20140514,2.571
20140515,2.571
20140516,2.571
20140519,2.571
20140520,2.571
20140521,2.571
20140522,2.571
20140523,2.571
20140526,2.571
20140527,2.572
20140528,2.572
20140529,2.572
20140530,2.572
20140602,2.572
20140603,2.572
20140605,2.572
20140609,2.576
20140610,2.575
20140611,2.575
20140612,2.5660000000000003
20140613,2.5610000000000004
20140616,2.5580000000000003
20140617,2.5580000000000003
20140618,2.56
20140619,2.557
20140620,2.557
20140623,2.557
20140624,2.557
20140625,2.56
20140626,2.562
20140627,2.562
20140630,2.562
20140701,2.56
20140702,2.531
20140703,2.53
20140704,2.5269999999999997
20140707,2.5269999999999997
20140708,2.5269999999999997
20140709,2.5180000000000002
20140710,2.51
20140711,2.503
20140714,2.503
20140715,2.5
20140716,2.49
20140717,2.447
20140718,2.443
20140721,2.4419999999999997
20140722,2.4330000000000003
20140723,2.407
20140724,2.408
20140725,2.407
20140728,2.407
20140729,2.411
20140730,2.401
20140731,2.395
20140801,2.392
20140804,2.3930000000000002
20140805,2.387
20140806,2.383
20140807,2.375
20140808,2.3569999999999998
20140811,2.355
20140812,2.353
20140813,2.34
20140814,2.325
20140818,2.322
20140819,2.3209999999999997
20140820,2.318
20140821,2.316
20140822,2.31
20140825,2.3080000000000003
20140826,2.306
20140827,2.302
20140828,2.302
20140829,2.303
20140901,2.302
20140902,2.287
20140903,2.287
20140904,2.287
20140905,2.28
20140911,2.275
20140912,2.231
20140915,2.222
20140916,2.207
20140917,2.198
20140918,2.195
20140919,2.195
20140922,2.193
20140923,2.193
20140924,2.1959999999999997
20140925,2.195
20140926,2.195
20140929,2.195
20140930,2.181
20141001,2.127
20141002,2.127
20141006,2.126
20141007,2.127
20141008,2.127
20141010,2.122
20141013,2.1180000000000003
20141014,2.1180000000000003
20141015,2.08
20141016,2.055
20141017,2.051
20141020,2.051
20141021,2.046
20141022,2.046
20141023,2.046
20141024,2.045
20141027,2.045
20141028,2.045
20141029,2.043
20141030,2.042
20141031,2.031
20141103,2.021
20141104,2.002
20141105,1.9880000000000002
20141106,1.9809999999999999
20141107,1.9809999999999999
20141110,1.9809999999999999
20141111,2.011
20141112,2.021
20141113,2.021
20141114,2.021
20141117,2.021
20141118,2.021
20141119,2.02
20141120,2.02
20141121,2.02
20141124,2.015
20141125,2.015
20141126,2.013
20141127,2.023
20141128,2.0180000000000002
20141201,2.02
20141202,2.022
20141203,2.032
20141204,2.035
20141205,2.037
20141208,2.07
20141209,2.066
20141210,2.0669999999999997
20141211,2.06
20141212,2.0580000000000003
20141215,2.065
20141216,2.066
20141217,2.081
20141218,2.085
20141219,2.083
20141222,2.081
20141223,2.081
20141224,2.08
20141226,2.081
20141229,2.075
20141230,2.066
20150102,2.063
20150105,2.046
20150106,2.0180000000000002
20150107,2.012
20150108,2.008
20150109,2.002
20150112,1.9709999999999999
20150113,1.97
20150114,1.932
20150115,1.9769999999999999
20150116,1.966
20150119,1.9669999999999999
20150120,1.96
20150121,1.9609999999999999
20150122,1.963
20150123,1.963
20150126,1.9669999999999999
20150127,1.9780000000000002
20150128,1.9769999999999999
20150129,1.98
20150130,1.98
20150202,1.976
20150203,1.9469999999999998
20150204,1.953
20150205,1.9509999999999998
20150206,1.946
20150209,1.9469999999999998
20150210,1.985
20150211,1.986
20150212,1.99
20150213,1.9880000000000002
20150216,2.0
20150217,1.9969999999999999
20150223,1.9969999999999999
20150224,1.9969999999999999
20150225,1.9969999999999999
20150226,1.9969999999999999
20150227,1.9969999999999999
20150302,1.9809999999999999
20150303,1.9680000000000002
20150304,1.9580000000000002
20150305,1.9480000000000002
20150306,1.92
20150309,1.902
20150310,1.89
20150311,1.8519999999999999
20150312,1.796
20150313,1.768
20150316,1.761
20150317,1.7530000000000001
20150318,1.7530000000000001
20150319,1.7519999999999998
20150320,1.7480000000000002
20150323,1.7480000000000002
20150324,1.751
20150325,1.7480000000000002
20150326,1.7480000000000002
20150327,1.7480000000000002
20150330,1.743
20150331,1.7180000000000002
20150401,1.7080000000000002
20150402,1.705
20150403,1.705
20150406,1.703
20150407,1.6980000000000002
20150408,1.6969999999999998
20150409,1.671
20150410,1.671
20150413,1.6769999999999998
20150414,1.6769999999999998
20150415,1.6769999999999998
20150416,1.6769999999999998
20150417,1.672
20150420,1.669
20150421,1.67
20150422,1.6680000000000001
20150423,1.6769999999999998
20150424,1.686
20150427,1.693
20150428,1.7209999999999999
20150429,1.7209999999999999
20150430,1.7209999999999999
20150504,1.726
20150506,1.7309999999999999
20150507,1.726
20150508,1.706
20150511,1.703
20150512,1.7209999999999999
20150513,1.705
20150514,1.703
20150515,1.7069999999999999
20150518,1.7069999999999999
20150519,1.7069999999999999
20150520,1.7009999999999998
20150521,1.7
20150522,1.706
20150526,1.706
20150527,1.7
20150528,1.7009999999999998
20150529,1.692
20150601,1.6880000000000002
20150602,1.666
20150603,1.663
20150604,1.661
20150605,1.6569999999999998
20150608,1.6369999999999998
20150609,1.631
20150610,1.6130000000000002
20150611,1.558
20150612,1.547
20150615,1.546
20150616,1.545
20150617,1.547
20150618,1.5419999999999998
20150619,1.5419999999999998
20150622,1.56
20150623,1.565
20150624,1.568
20150625,1.57
20150626,1.57
20150629,1.567
20150630,1.567
20150701,1.567
20150702,1.565
20150703,1.551
20150706,1.541
20150707,1.5330000000000001
20150708,1.528
20150709,1.5230000000000001
20150710,1.521
20150713,1.52
20150714,1.5190000000000001
20150715,1.515
20150716,1.516
20150717,1.516
20150720,1.516
20150721,1.516
20150722,1.516
20150723,1.5130000000000001
20150724,1.5119999999999998
20150727,1.5119999999999998
20150728,1.514
20150729,1.511
20150730,1.511
20150731,1.511
20150803,1.507
20150804,1.506
20150805,1.506
20150806,1.506
20150807,1.5030000000000001
20150810,1.5
20150811,1.5
20150812,1.5
20150813,1.5
20150817,1.5
20150818,1.5
20150819,1.5
20150820,1.5
20150821,1.5019999999999998
20150824,1.505
20150825,1.516
20150826,1.5219999999999998
20150827,1.5230000000000001
20150828,1.531
20150831,1.5319999999999998
20150901,1.5230000000000001
20150902,1.521
20150903,1.52
20150904,1.508
20150907,1.505
20150908,1.505
20150909,1.505
20150910,1.5019999999999998
20150911,1.501
20150914,1.5019999999999998
20150915,1.501
20150916,1.501
20150917,1.5019999999999998
20150918,1.501
20150921,1.501
20150922,1.5030000000000001
20150923,1.5030000000000001
20150924,1.506
20150925,1.506
20150930,1.5
20151001,1.501
20151002,1.4969999999999999
20151005,1.492
20151006,1.493
20151007,1.4980000000000002
20151008,1.499
20151012,1.501
20151013,1.501
20151014,1.5019999999999998
20151015,1.499
20151016,1.5
20151019,1.5
20151020,1.5
20151021,1.5030000000000001
20151022,1.505
20151023,1.505
20151026,1.505
20151027,1.505
20151028,1.505
20151029,1.508
20151030,1.511
20151102,1.51
20151103,1.51
20151104,1.51
20151105,1.511
20151106,1.5230000000000001
20151109,1.55
20151110,1.551
20151111,1.551
20151112,1.551
20151113,1.551
20151116,1.548
20151117,1.546
20151118,1.546
20151119,1.546
20151120,1.554
20151123,1.561
20151124,1.5719999999999998
20151125,1.589
20151126,1.618
20151127,1.646
20151130,1.6480000000000001
20151201,1.631
20151202,1.61
20151203,1.5859999999999999
20151204,1.5730000000000002
20151207,1.5659999999999998
20151208,1.5590000000000002
20151209,1.556
20151210,1.56
20151211,1.56
20151214,1.561
20151215,1.561
20151216,1.5659999999999998
20151217,1.558
20151218,1.556
20151221,1.551
20151222,1.551
20151223,1.551
20151224,1.551
20151228,1.5519999999999998
20151229,1.551
20151230,1.55
20160104,1.521
20160105,1.5130000000000001
20160106,1.5119999999999998
20160107,1.51
20160108,1.511
20160111,1.508
20160112,1.508
20160113,1.508
20160114,1.51
20160115,1.51
20160118,1.51
20160119,1.51
20160120,1.508
20160121,1.508
20160122,1.508
20160125,1.508
20160126,1.507
20160127,1.5090000000000001
20160128,1.51
20160129,1.496
20160201,1.4880000000000002
20160202,1.485
20160203,1.476
20160204,1.476
20160205,1.476
20160211,1.45
20160212,1.456
20160215,1.4669999999999999
20160216,1.4269999999999998
20160217,1.4269999999999998
20160218,1.4380000000000002
20160219,1.45
20160222,1.46
20160223,1.464
20160224,1.464
20160225,1.464
20160226,1.464
20160229,1.463
20160302,1.464
20160303,1.465
20160304,1.466
20160307,1.466
20160308,1.466
20160309,1.454
20160310,1.465
20160311,1.483
20160314,1.4869999999999999
20160315,1.492
20160316,1.4969999999999999
20160317,1.4969999999999999
20160318,1.499
20160321,1.505
20160322,1.5090000000000001
20160323,1.5090000000000001
20160324,1.51
20160325,1.511
20160328,1.5119999999999998
20160329,1.4980000000000002
20160330,1.499
20160331,1.4980000000000002
20160401,1.4969999999999999
20160404,1.4880000000000002
20160405,1.4869999999999999
20160406,1.4869999999999999
20160407,1.4869999999999999
20160408,1.4869999999999999
20160411,1.4880000000000002
20160412,1.49
20160414,1.5
20160415,1.5
20160418,1.504
20160419,1.504
20160420,1.4980000000000002
20160421,1.5
20160422,1.4980000000000002
20160425,1.4980000000000002
20160426,1.493
20160427,1.493
20160428,1.493
20160429,1.493
20160502,1.493
20160503,1.483
20160504,1.4680000000000002
20160509,1.4480000000000002
20160510,1.446
20160511,1.4469999999999998
20160512,1.4469999999999998
20160513,1.4569999999999999
20160516,1.46
20160517,1.465
20160518,1.473
20160519,1.476
20160520,1.474
20160523,1.474
20160524,1.473
20160525,1.479
20160526,1.479
20160527,1.479
20160530,1.4909999999999999
20160531,1.49
20160601,1.445
20160602,1.445
20160603,1.445
20160607,1.4340000000000002
20160608,1.416
20160609,1.3
20160610,1.295
20160613,1.2930000000000001
20160614,1.294
20160615,1.297
20160616,1.298
20160617,1.307
20160620,1.3119999999999998
20160621,1.307
20160622,1.321
20160623,1.319
20160624,1.2670000000000001
20160627,1.2670000000000001
20160628,1.268
20160629,1.266
20160630,1.268
20160701,1.246
20160704,1.236
20160705,1.23
20160706,1.2229999999999999
20160707,1.224
20160708,1.224
20160711,1.224
20160712,1.224
20160713,1.226
20160714,1.226
20160715,1.226
20160718,1.226
20160719,1.226
20160720,1.226
20160721,1.226
20160722,1.226
20160725,1.226
20160726,1.225
20160727,1.225
20160728,1.2229999999999999
20160729,1.2229999999999999
20160801,1.2229999999999999
20160802,1.2229999999999999
20160803,1.224
20160804,1.224
20160805,1.2229999999999999
20160808,1.224
20160809,1.224
20160810,1.2209999999999999
20160811,1.2229999999999999
20160812,1.2229999999999999
20160816,1.2229999999999999
20160817,1.224
20160818,1.2229999999999999
20160819,1.224
20160822,1.226
20160823,1.227
20160824,1.23
20160825,1.232
20160826,1.232
20160829,1.247
20160830,1.249
20160831,1.256
20160901,1.262
20160902,1.2570000000000001
20160905,1.253
20160906,1.253
20160907,1.247
20160908,1.247
20160909,1.253
20160912,1.263
20160913,1.265
20160919,1.2670000000000001
20160920,1.2670000000000001
20160921,1.2670000000000001
20160922,1.266
20160923,1.268
20160926,1.2690000000000001
20160927,1.271
20160928,1.272
20160929,1.271
20160930,1.2590000000000001
20161004,1.26
20161005,1.2670000000000001
20161006,1.27
20161007,1.273
20161010,1.278
20161011,1.284
20161012,1.28
20161013,1.278
20161014,1.2770000000000001
20161017,1.284
20161018,1.286
20161019,1.29
20161020,1.2919999999999998
20161021,1.305
20161024,1.3090000000000002
20161025,1.318
20161026,1.321
20161027,1.319
20161028,1.3219999999999998
20161031,1.321
20161101,1.321
20161102,1.318
20161103,1.319
20161104,1.321
20161107,1.321
20161108,1.321
20161109,1.2990000000000002
20161110,1.314
20161111,1.327
20161114,1.3780000000000001
20161115,1.376
20161116,1.429
20161117,1.4240000000000002
20161118,1.4609999999999999
20161121,1.476
20161122,1.486
20161123,1.5090000000000001
20161124,1.561
20161125,1.5759999999999998
20161128,1.551
20161129,1.537
20161130,1.526
20161201,1.4969999999999999
20161202,1.469
20161205,1.436
20161206,1.425
20161207,1.4
20161208,1.381
20161209,1.3769999999999998
20161212,1.36
20161213,1.3430000000000002
20161214,1.33
20161215,1.33
20161216,1.3259999999999998
20161219,1.3259999999999998
20161220,1.32
20161221,1.318
20161222,1.3219999999999998
20161223,1.335
20161226,1.335
20161227,1.328
20161228,1.319
20161229,1.3159999999999998
20170102,1.298
20170103,1.2830000000000001
20170104,1.271
20170105,1.262
20170106,1.265
20170109,1.271
20170110,1.266
20170111,1.266
20170112,1.26
20170113,1.261
20170116,1.261
20170117,1.258
20170118,1.258
20170119,1.263
20170120,1.263
20170123,1.268
20170124,1.275
20170125,1.29
20170126,1.295
20170131,1.29
20170201,1.286
20170202,1.271
20170203,1.27
20170206,1.2690000000000001
20170207,1.2670000000000001
20170208,1.2670000000000001
20170209,1.268
20170210,1.268
20170213,1.2670000000000001
20170214,1.2670000000000001
20170215,1.271
20170216,1.271
20170217,1.271
20170220,1.27
20170221,1.27
20170222,1.271
20170223,1.271
20170224,1.276
20170227,1.276
20170228,1.276
20170302,1.28
20170303,1.28
20170306,1.286
20170307,1.306
20170308,1.311
20170309,1.314
20170310,1.318
20170313,1.315
20170314,1.314
20170315,1.315
20170316,1.315
20170317,1.315
20170320,1.315
20170321,1.315
20170322,1.3159999999999998
20170323,1.3159999999999998
20170324,1.318
20170327,1.3159999999999998
20170328,1.315
20170329,1.311
20170330,1.305
20170331,1.304
20170403,1.2990000000000002
20170404,1.295
20170405,1.295
20170406,1.296
20170407,1.297
20170410,1.298
20170411,1.297
20170412,1.297
20170413,1.2990000000000002
20170414,1.3
20170417,1.301
20170418,1.301
20170419,1.304
20170420,1.304
20170421,1.306
20170424,1.3090000000000002
20170425,1.3090000000000002
20170426,1.308
20170427,1.306
20170428,1.304
20170502,1.2990000000000002
20170504,1.295
20170508,1.2919999999999998
20170510,1.2890000000000001
20170511,1.286
20170512,1.275
20170515,1.274
20170516,1.274
20170517,1.271
20170518,1.271
20170519,1.271
20170522,1.273
20170523,1.273
20170524,1.274
20170525,1.274
20170526,1.275
20170529,1.275
20170530,1.273
20170531,1.273
20170601,1.272
20170602,1.272
20170605,1.273
20170607,1.278
20170608,1.28
20170609,1.284
20170612,1.29
20170613,1.29
20170614,1.29
20170615,1.2890000000000001
20170616,1.29
20170619,1.29
20170620,1.29
20170621,1.294
20170622,1.294
20170623,1.296
20170626,1.296
20170627,1.2990000000000002
20170628,1.308
20170629,1.3090000000000002
20170630,1.301
20170703,1.3
20170704,1.298
20170705,1.294
20170706,1.2890000000000001
20170707,1.285
20170710,1.281
20170711,1.2770000000000001
20170712,1.272
20170713,1.2690000000000001
20170714,1.2690000000000001
20170717,1.2690000000000001
20170718,1.264
20170719,1.264
20170720,1.264
20170721,1.264
20170724,1.264
20170725,1.263
20170726,1.263
20170727,1.2590000000000001
20170728,1.256
20170731,1.255
20170801,1.252
20170802,1.25
20170803,1.25
20170804,1.25
20170807,1.25
20170808,1.252
20170809,1.253
20170810,1.253
20170811,1.253
20170814,1.253
20170816,1.253
20170817,1.253
20170818,1.253
20170821,1.253
20170822,1.253
20170823,1.253
20170824,1.253
20170825,1.25
20170828,1.25
20170829,1.25
20170830,1.247
20170831,1.246
20170901,1.245
20170904,1.245
20170905,1.2409999999999999
20170906,1.238
20170907,1.236
20170908,1.236
20170911,1.235
20170912,1.235
20170913,1.236
20170914,1.238
20170915,1.238
20170918,1.239
20170919,1.2409999999999999
20170920,1.2409999999999999
20170921,1.242
20170922,1.242
20170925,1.242
20170926,1.246
20170927,1.278
20170928,1.2819999999999998
20170929,1.2819999999999998
20171010,1.2890000000000001
20171011,1.29
20171012,1.291
20171013,1.291
20171016,1.2990000000000002
20171017,1.3030000000000002
20171018,1.304
20171019,1.331
20171020,1.36
20171023,1.349
20171024,1.341
20171025,1.3359999999999999
20171026,1.358
20171027,1.351
20171030,1.347
20171031,1.3519999999999999
20171101,1.349
20171102,1.349
20171103,1.349
20171106,1.349
20171107,1.35
20171108,1.359
20171109,1.3780000000000001
20171110,1.395
20171113,1.416
20171114,1.43
20171115,1.445
20171116,1.463
20171117,1.4669999999999999
20171120,1.4669999999999999
20171121,1.4669999999999999
20171122,1.4709999999999999
20171123,1.4709999999999999
20171124,1.4769999999999999
20171127,1.48
20171128,1.48
20171129,1.482
20171130,1.504
20171201,1.511
20171204,1.51
20171205,1.5130000000000001
20171206,1.5119999999999998
20171207,1.515
20171208,1.516
20171211,1.508
20171212,1.5019999999999998
20171213,1.5019999999999998
20171214,1.5019999999999998
20171215,1.504
20171218,1.507
20171219,1.507
20171220,1.507
20171221,1.507
20171222,1.508
20171226,1.51
20171227,1.511
20171228,1.5090000000000001
20180102,1.506
20180103,1.505
20180104,1.505
20180105,1.505
20180108,1.505
20180109,1.505
20180110,1.505
20180111,1.504
20180112,1.504
20180115,1.504
20180116,1.504
20180117,1.504
20180118,1.5030000000000001
20180119,1.5030000000000001
20180122,1.5030000000000001
20180123,1.5030000000000001
20180124,1.504
20180125,1.504
20180126,1.504
20180129,1.505
20180130,1.505
20180131,1.505
20180201,1.505
20180202,1.505
20180205,1.505
20180206,1.505
20180207,1.505
20180208,1.505
20180209,1.505
20180212,1.505
20180213,1.505
20180214,1.505
20180219,1.505
20180220,1.506
20180221,1.506
20180222,1.506
20180223,1.506
20180226,1.505
20180227,1.505
20180228,1.505
20180302,1.505
20180305,1.505
20180306,1.505
20180307,1.506
20180308,1.506
20180309,1.506
20180312,1.508
20180313,1.508
20180314,1.508
20180315,1.508
20180316,1.508
20180319,1.511
20180320,1.5119999999999998
20180321,1.5119999999999998
20180322,1.51
20180323,1.51
20180326,1.51
20180327,1.51
20180328,1.51
20180329,1.516
20180330,1.517
20180402,1.516
20180403,1.516
20180404,1.516
20180405,1.516
20180406,1.516
20180409,1.517
20180410,1.517
20180411,1.517
20180412,1.517
20180413,1.517
20180416,1.521
20180417,1.5219999999999998
20180418,1.524
20180419,1.524
20180420,1.525
20180423,1.528
20180424,1.528
20180425,1.531
20180426,1.531
20180427,1.531
20180430,1.531
20180502,1.531
20180503,1.531
20180504,1.531
20180508,1.5319999999999998
20180509,1.5319999999999998
20180510,1.5319999999999998
20180511,1.5319999999999998
20180514,1.5330000000000001
20180515,1.534
20180516,1.534
20180517,1.534
20180518,1.534
20180521,1.54
20180523,1.546
20180524,1.545
20180525,1.546
20180528,1.548
20180529,1.548
20180530,1.548
20180531,1.548
20180601,1.548
20180604,1.551
20180605,1.555
20180607,1.556
20180608,1.556
20180611,1.558
20180612,1.5619999999999998
20180614,1.5719999999999998
20180615,1.5719999999999998
20180618,1.575
20180619,1.575
20180620,1.575
20180621,1.574
20180622,1.574
20180625,1.575
20180626,1.578
20180627,1.578
20180628,1.578
20180629,1.578
20180702,1.579
20180703,1.58
20180704,1.578
20180705,1.5759999999999998
20180706,1.5759999999999998
20180709,1.5759999999999998
20180710,1.5759999999999998
20180711,1.5730000000000002
20180712,1.581
20180713,1.5819999999999999
20180716,1.581
20180717,1.581
20180718,1.58
20180719,1.58
20180720,1.577
20180723,1.577
20180724,1.577
20180725,1.577
20180726,1.574
20180727,1.5759999999999998
20180730,1.579
20180731,1.579
20180801,1.578
20180802,1.5759999999999998
20180803,1.574
20180806,1.571
20180807,1.565
20180808,1.5630000000000002
20180809,1.5619999999999998
20180810,1.561
20180813,1.56
20180814,1.56
20180816,1.5590000000000002
20180817,1.5590000000000002
20180820,1.5590000000000002
20180821,1.558
20180822,1.558
20180823,1.558
20180824,1.558
20180827,1.554
20180828,1.554
20180829,1.554
20180830,1.558
20180831,1.546
20180903,1.544
20180904,1.544
20180905,1.544
20180906,1.547
20180907,1.547
20180910,1.545
20180911,1.5430000000000001
20180912,1.5419999999999998
20180913,1.5430000000000001
20180914,1.5430000000000001
20180917,1.5430000000000001
20180918,1.5430000000000001
20180919,1.5430000000000001
20180920,1.5530000000000002
20180921,1.5530000000000002
20180927,1.561
20180928,1.567
20181001,1.569
20181002,1.569
20181004,1.574
20181005,1.5759999999999998
20181008,1.5830000000000002
20181010,1.584
20181011,1.584
20181012,1.5930000000000002
20181015,1.601
20181016,1.6130000000000002
20181017,1.6230000000000002
20181018,1.6219999999999999
20181019,1.6219999999999999
20181022,1.6219999999999999
20181023,1.6219999999999999
20181024,1.6219999999999999
20181025,1.6230000000000002
20181026,1.6230000000000002
20181029,1.608
20181030,1.6130000000000002
20181031,1.6119999999999999
20181101,1.611
20181102,1.6119999999999999
20181105,1.6030000000000002
20181106,1.6
20181107,1.595
20181108,1.595
20181109,1.594
20181112,1.594
20181113,1.594
20181114,1.594
20181115,1.594
20181116,1.594
20181119,1.594
20181120,1.599
20181121,1.609
20181122,1.6159999999999999
20181123,1.624
20181126,1.6230000000000002
20181127,1.619
20181128,1.6230000000000002
20181129,1.6280000000000001
20181130,1.75
20181203,1.751
20181204,1.751
20181205,1.751
20181206,1.751
20181207,1.751
20181210,1.7480000000000002
20181211,1.7469999999999999
20181212,1.7469999999999999
20181213,1.7469999999999999
20181214,1.745
20181217,1.743
20181218,1.742
20181219,1.7409999999999999
20181220,1.7409999999999999
20181221,1.7409999999999999
20181224,1.744
20181226,1.745
20181227,1.746
20181228,1.746
20190102,1.746
20190103,1.746
20190104,1.742
20190107,1.74
20190108,1.7380000000000002
20190109,1.736
20190110,1.736
20190111,1.736
20190114,1.7369999999999999
20190115,1.7380000000000002
20190116,1.7409999999999999
20190117,1.743
20190118,1.745
20190121,1.7469999999999999
20190122,1.7469999999999999
20190123,1.7469999999999999
20190124,1.7480000000000002
20190125,1.75
20190128,1.7530000000000001
20190129,1.756
20190130,1.755
20190131,1.755
20190201,1.755
20190207,1.75
20190208,1.746
20190211,1.746
20190212,1.746
20190213,1.746
20190214,1.746
20190215,1.746
20190218,1.746
20190219,1.746
20190220,1.746
20190221,1.75
20190222,1.75
20190225,1.751
20190226,1.75
20190227,1.75
20190228,1.75
20190304,1.751
20190305,1.7530000000000001
20190306,1.7530000000000001
20190307,1.7530000000000001
20190308,1.7530000000000001
20190311,1.755
20190312,1.755
20190313,1.755
20190314,1.755
20190315,1.755
20190318,1.755
20190319,1.7530000000000001
20190320,1.756
20190321,1.756
20190322,1.755
20190325,1.755
20190326,1.755
20190327,1.7530000000000001
20190328,1.7469999999999999
20190329,1.7469999999999999
20190401,1.7480000000000002
20190402,1.7480000000000002
20190403,1.7480000000000002
20190404,1.7480000000000002
20190405,1.7480000000000002
20190408,1.7480000000000002
20190409,1.7480000000000002
20190410,1.7480000000000002
20190411,1.7480000000000002
20190412,1.7480000000000002
20190415,1.749
20190416,1.749
20190417,1.749
20190418,1.749
20190419,1.75
20190422,1.75
20190423,1.7480000000000002
20190424,1.7480000000000002
20190425,1.745
20190426,1.745
20190429,1.742
20190430,1.7380000000000002
20190502,1.74
20190503,1.74
20190507,1.736
20190508,1.73
20190509,1.724
20190510,1.72
20190513,1.7169999999999999
20190514,1.7080000000000002
20190515,1.703
20190516,1.6909999999999998
20190517,1.689
20190520,1.689
20190521,1.682
20190522,1.6769999999999998
20190523,1.6669999999999998
20190524,1.666
20190527,1.66
20190528,1.66
20190529,1.651
20190530,1.651
20190531,1.618
20190603,1.615
20190604,1.6059999999999999
20190605,1.58
20190607,1.575
20190610,1.556
20190611,1.544
20190612,1.524
20190613,1.52
20190614,1.518
20190617,1.516
20190618,1.516
20190619,1.516
20190620,1.514
20190621,1.514
20190624,1.514
20190625,1.518
20190626,1.518
20190627,1.518
20190628,1.518
20190701,1.516
20190702,1.514
20190703,1.5130000000000001
20190704,1.5130000000000001
20190705,1.511
20190708,1.511
20190709,1.511
20190710,1.511
20190711,1.506
20190712,1.505
20190715,1.5030000000000001
20190716,1.499
20190717,1.484
20190718,1.4580000000000002
20190719,1.444
20190722,1.443
20190723,1.435
20190724,1.4180000000000001
20190725,1.4040000000000001
20190726,1.3980000000000001
20190729,1.3940000000000001
20190730,1.3869999999999998
20190731,1.379
20190801,1.3769999999999998
20190802,1.3419999999999999
20190805,1.307
20190806,1.304
20190807,1.298
20190808,1.297
20190809,1.294
20190812,1.291
20190813,1.2819999999999998
20190814,1.281
20190816,1.274
20190819,1.2670000000000001
20190820,1.263
20190821,1.26
20190822,1.253
20190823,1.254
20190826,1.248
20190827,1.25
20190828,1.248
20190829,1.246
20190830,1.246
20190902,1.248
20190903,1.248
20190904,1.249
20190905,1.251
20190906,1.256
20190909,1.249
20190910,1.244
20190911,1.244
20190916,1.244
20190917,1.2409999999999999
20190918,1.2409999999999999
20190919,1.239
20190920,1.239
20190923,1.239
20190924,1.24
20190925,1.2409999999999999
20190926,1.2409999999999999
20190927,1.2409999999999999
20190930,1.239
20191001,1.239
20191002,1.234
20191004,1.214
20191007,1.214
20191008,1.214
20191010,1.214
20191011,1.214
20191014,1.2109999999999999
20191015,1.2109999999999999
20191016,1.2109999999999999
20191017,1.215
20191018,1.217
20191021,1.226
20191022,1.225
20191023,1.227
20191024,1.2309999999999999
20191025,1.237
20191028,1.245
20191029,1.245
20191030,1.2429999999999999
20191031,1.2429999999999999
20191101,1.238
20191104,1.236
20191105,1.232
20191106,1.232
20191107,1.232
20191108,1.2309999999999999
20191111,1.235
20191112,1.242
20191113,1.242
20191114,1.245
20191115,1.245
20191118,1.246
20191119,1.248
20191120,1.251
20191121,1.252
20191122,1.251
20191125,1.251
20191126,1.252
20191127,1.252
20191128,1.252
20191129,1.248
20191202,1.248
20191203,1.247
20191204,1.247
20191205,1.247
20191206,1.245
20191209,1.2429999999999999
20191210,1.246
20191211,1.246
20191212,1.247
20191213,1.25
20191216,1.252
20191217,1.256
20191218,1.255
20191219,1.258
20191220,1.258
20191223,1.258
20191224,1.258
20191226,1.261
20191227,1.262
20191230,1.262
