date,return
2019-12-31,1.262
2019-12-30,1.262
2019-12-27,1.262
2019-12-26,1.261
2019-12-24,1.258
2019-12-23,1.258
2019-12-20,1.258
2019-12-19,1.258
2019-12-18,1.255
2019-12-17,1.256
2019-12-16,1.252
2019-12-13,1.25
2019-12-12,1.247
2019-12-11,1.246
2019-12-10,1.246
2019-12-09,1.243
2019-12-06,1.245
2019-12-05,1.247
2019-12-04,1.247
2019-12-03,1.247
2019-12-02,1.248
2019-11-29,1.248
2019-11-28,1.252
2019-11-27,1.252
2019-11-26,1.252
2019-11-25,1.251
2019-11-22,1.251
2019-11-21,1.252
2019-11-20,1.251
2019-11-19,1.248
2019-11-18,1.246
2019-11-15,1.245
2019-11-14,1.245
2019-11-13,1.242
2019-11-12,1.242
2019-11-11,1.235
2019-11-08,1.231
2019-11-07,1.232
2019-11-06,1.232
2019-11-05,1.232
2019-11-04,1.236
2019-11-01,1.238
2019-10-31,1.243
2019-10-30,1.243
2019-10-29,1.245
2019-10-28,1.245
2019-10-25,1.237
2019-10-24,1.231
2019-10-23,1.227
2019-10-22,1.225
2019-10-21,1.226
2019-10-18,1.217
2019-10-17,1.215
2019-10-16,1.211
2019-10-15,1.211
2019-10-14,1.211
2019-10-11,1.214
2019-10-10,1.214
2019-10-08,1.214
2019-10-07,1.214
2019-10-04,1.214
2019-10-02,1.234
2019-10-01,1.239
2019-09-30,1.239
2019-09-27,1.241
2019-09-26,1.241
2019-09-25,1.241
2019-09-24,1.24
2019-09-23,1.239
2019-09-20,1.239
2019-09-19,1.239
2019-09-18,1.241
2019-09-17,1.241
2019-09-16,1.244
2019-09-11,1.244
2019-09-10,1.244
2019-09-09,1.249
2019-09-06,1.256
2019-09-05,1.251
2019-09-04,1.249
2019-09-03,1.248
2019-09-02,1.248
2019-08-30,1.246
2019-08-29,1.246
2019-08-28,1.248
2019-08-27,1.25
2019-08-26,1.248
2019-08-23,1.254
2019-08-22,1.253
2019-08-21,1.26
2019-08-20,1.263
2019-08-19,1.267
2019-08-16,1.274
2019-08-14,1.281
2019-08-13,1.282
2019-08-12,1.291
2019-08-09,1.294
2019-08-08,1.297
2019-08-07,1.298
2019-08-06,1.304
2019-08-05,1.307
2019-08-02,1.342
2019-08-01,1.377
2019-07-31,1.379
2019-07-30,1.387
2019-07-29,1.394
2019-07-26,1.398
2019-07-25,1.404
2019-07-24,1.418
2019-07-23,1.435
2019-07-22,1.443
2019-07-19,1.444
2019-07-18,1.458
2019-07-17,1.484
2019-07-16,1.499
2019-07-15,1.503
2019-07-12,1.505
2019-07-11,1.506
2019-07-10,1.511
2019-07-09,1.511
2019-07-08,1.511
2019-07-05,1.511
2019-07-04,1.513
2019-07-03,1.513
2019-07-02,1.514
2019-07-01,1.516
2019-06-28,1.518
2019-06-27,1.518
2019-06-26,1.518
2019-06-25,1.518
2019-06-24,1.514
2019-06-21,1.514
2019-06-20,1.514
2019-06-19,1.516
2019-06-18,1.516
2019-06-17,1.516
2019-06-14,1.518
2019-06-13,1.52
2019-06-12,1.524
2019-06-11,1.544
2019-06-10,1.556
2019-06-07,1.575
2019-06-05,1.58
2019-06-04,1.606
2019-06-03,1.615
2019-05-31,1.618
2019-05-30,1.651
2019-05-29,1.651
2019-05-28,1.66
2019-05-27,1.66
2019-05-24,1.666
2019-05-23,1.667
2019-05-22,1.677
2019-05-21,1.682
2019-05-20,1.689
2019-05-17,1.689
2019-05-16,1.691
2019-05-15,1.703
2019-05-14,1.708
2019-05-13,1.717
2019-05-10,1.72
2019-05-09,1.724
2019-05-08,1.73
2019-05-07,1.736
2019-05-03,1.74
2019-05-02,1.74
2019-04-30,1.738
2019-04-29,1.742
2019-04-26,1.745
2019-04-25,1.745
2019-04-24,1.748
2019-04-23,1.748
2019-04-22,1.75
2019-04-19,1.75
2019-04-18,1.749
2019-04-17,1.749
2019-04-16,1.749
2019-04-15,1.749
2019-04-12,1.748
2019-04-11,1.748
2019-04-10,1.748
2019-04-09,1.748
2019-04-08,1.748
2019-04-05,1.748
2019-04-04,1.748
2019-04-03,1.748
2019-04-02,1.748
2019-04-01,1.748
2019-03-29,1.747
2019-03-28,1.747
2019-03-27,1.753
2019-03-26,1.755
2019-03-25,1.755
2019-03-22,1.755
2019-03-21,1.756
2019-03-20,1.756
2019-03-19,1.753
2019-03-18,1.755
2019-03-15,1.755
2019-03-14,1.755
2019-03-13,1.755
2019-03-12,1.755
2019-03-11,1.755
2019-03-08,1.753
2019-03-07,1.753
2019-03-06,1.753
2019-03-05,1.753
2019-03-04,1.751
2019-02-28,1.75
2019-02-27,1.75
2019-02-26,1.75
2019-02-25,1.751
2019-02-22,1.75
2019-02-21,1.75
2019-02-20,1.746
2019-02-19,1.746
2019-02-18,1.746
2019-02-15,1.746
2019-02-14,1.746
2019-02-13,1.746
2019-02-12,1.746
2019-02-11,1.746
2019-02-08,1.746
2019-02-07,1.75
2019-02-01,1.755
2019-01-31,1.755
2019-01-30,1.755
2019-01-29,1.756
2019-01-28,1.753
2019-01-25,1.75
2019-01-24,1.748
2019-01-23,1.747
2019-01-22,1.747
2019-01-21,1.747
2019-01-18,1.745
2019-01-17,1.743
2019-01-16,1.741
2019-01-15,1.738
2019-01-14,1.737
2019-01-11,1.736
2019-01-10,1.736
2019-01-09,1.736
2019-01-08,1.738
2019-01-07,1.74
2019-01-04,1.742
2019-01-03,1.746
2019-01-02,1.746
2018-12-31,1.746
2018-12-28,1.746
2018-12-27,1.746
2018-12-26,1.745
2018-12-24,1.744
2018-12-21,1.741
2018-12-20,1.741
2018-12-19,1.741
2018-12-18,1.742
2018-12-17,1.743
2018-12-14,1.745
2018-12-13,1.747
2018-12-12,1.747
2018-12-11,1.747
2018-12-10,1.748
2018-12-07,1.751
2018-12-06,1.751
2018-12-05,1.751
2018-12-04,1.751
2018-12-03,1.751
2018-11-30,1.75
2018-11-29,1.628
2018-11-28,1.623
2018-11-27,1.619
2018-11-26,1.623
2018-11-23,1.624
2018-11-22,1.616
2018-11-21,1.609
2018-11-20,1.599
2018-11-19,1.594
2018-11-16,1.594
2018-11-15,1.594
2018-11-14,1.594
2018-11-13,1.594
2018-11-12,1.594
2018-11-09,1.594
2018-11-08,1.595
2018-11-07,1.595
2018-11-06,1.6
2018-11-05,1.603
2018-11-02,1.612
2018-11-01,1.611
2018-10-31,1.612
2018-10-30,1.613
2018-10-29,1.608
2018-10-26,1.623
2018-10-25,1.623
2018-10-24,1.622
2018-10-23,1.622
2018-10-22,1.622
2018-10-19,1.622
2018-10-18,1.622
2018-10-17,1.623
2018-10-16,1.613
2018-10-15,1.601
2018-10-12,1.593
2018-10-11,1.584
2018-10-10,1.584
2018-10-08,1.583
2018-10-05,1.576
2018-10-04,1.574
2018-10-02,1.569
2018-10-01,1.569
2018-09-28,1.567
2018-09-27,1.561
2018-09-21,1.553
2018-09-20,1.553
2018-09-19,1.543
2018-09-18,1.543
2018-09-17,1.543
2018-09-14,1.543
2018-09-13,1.543
2018-09-12,1.542
2018-09-11,1.543
2018-09-10,1.545
2018-09-07,1.547
2018-09-06,1.547
2018-09-05,1.544
2018-09-04,1.544
2018-09-03,1.544
2018-08-31,1.546
2018-08-30,1.558
2018-08-29,1.554
2018-08-28,1.554
2018-08-27,1.554
2018-08-24,1.558
2018-08-23,1.558
2018-08-22,1.558
2018-08-21,1.558
2018-08-20,1.559
2018-08-17,1.559
2018-08-16,1.559
2018-08-14,1.56
2018-08-13,1.56
2018-08-10,1.561
2018-08-09,1.562
2018-08-08,1.563
2018-08-07,1.565
2018-08-06,1.571
2018-08-03,1.574
2018-08-02,1.576
2018-08-01,1.578
2018-07-31,1.579
2018-07-30,1.579
2018-07-27,1.576
2018-07-26,1.574
2018-07-25,1.577
2018-07-24,1.577
2018-07-23,1.577
2018-07-20,1.577
2018-07-19,1.58
2018-07-18,1.58
2018-07-17,1.581
2018-07-16,1.581
2018-07-13,1.582
2018-07-12,1.581
2018-07-11,1.573
2018-07-10,1.576
2018-07-09,1.576
2018-07-06,1.576
2018-07-05,1.576
2018-07-04,1.578
2018-07-03,1.58
2018-07-02,1.579
2018-06-29,1.578
2018-06-28,1.578
2018-06-27,1.578
2018-06-26,1.578
2018-06-25,1.575
2018-06-22,1.574
2018-06-21,1.574
2018-06-20,1.575
2018-06-19,1.575
2018-06-18,1.575
2018-06-15,1.572
2018-06-14,1.572
2018-06-12,1.562
2018-06-11,1.558
2018-06-08,1.556
2018-06-07,1.556
2018-06-05,1.555
2018-06-04,1.551
2018-06-01,1.548
2018-05-31,1.548
2018-05-30,1.548
2018-05-29,1.548
2018-05-28,1.548
2018-05-25,1.546
2018-05-24,1.545
2018-05-23,1.546
2018-05-21,1.54
2018-05-18,1.534
2018-05-17,1.534
2018-05-16,1.534
2018-05-15,1.534
2018-05-14,1.533
2018-05-11,1.532
2018-05-10,1.532
2018-05-09,1.532
2018-05-08,1.532
2018-05-04,1.531
2018-05-03,1.531
2018-05-02,1.531
2018-04-30,1.531
2018-04-27,1.531
2018-04-26,1.531
2018-04-25,1.531
2018-04-24,1.528
2018-04-23,1.528
2018-04-20,1.525
2018-04-19,1.524
2018-04-18,1.524
2018-04-17,1.522
2018-04-16,1.521
2018-04-13,1.517
2018-04-12,1.517
2018-04-11,1.517
2018-04-10,1.517
2018-04-09,1.517
2018-04-06,1.516
2018-04-05,1.516
2018-04-04,1.516
2018-04-03,1.516
2018-04-02,1.516
2018-03-30,1.517
2018-03-29,1.516
2018-03-28,1.51
2018-03-27,1.51
2018-03-26,1.51
2018-03-23,1.51
2018-03-22,1.51
2018-03-21,1.512
2018-03-20,1.512
2018-03-19,1.511
2018-03-16,1.508
2018-03-15,1.508
2018-03-14,1.508
2018-03-13,1.508
2018-03-12,1.508
2018-03-09,1.506
2018-03-08,1.506
2018-03-07,1.506
2018-03-06,1.505
2018-03-05,1.505
2018-03-02,1.505
2018-02-28,1.505
2018-02-27,1.505
2018-02-26,1.505
2018-02-23,1.506
2018-02-22,1.506
2018-02-21,1.506
2018-02-20,1.506
2018-02-19,1.505
2018-02-14,1.505
2018-02-13,1.505
2018-02-12,1.505
2018-02-09,1.505
2018-02-08,1.505
2018-02-07,1.505
2018-02-06,1.505
2018-02-05,1.505
2018-02-02,1.505
2018-02-01,1.505
2018-01-31,1.505
2018-01-30,1.505
2018-01-29,1.505
2018-01-26,1.504
2018-01-25,1.504
2018-01-24,1.504
2018-01-23,1.503
2018-01-22,1.503
2018-01-19,1.503
2018-01-18,1.503
2018-01-17,1.504
2018-01-16,1.504
2018-01-15,1.504
2018-01-12,1.504
2018-01-11,1.504
2018-01-10,1.505
2018-01-09,1.505
2018-01-08,1.505
2018-01-05,1.505
2018-01-04,1.505
2018-01-03,1.505
2018-01-02,1.506
2017-12-29,1.509
2017-12-28,1.509
2017-12-27,1.511
2017-12-26,1.51
2017-12-22,1.508
2017-12-21,1.507
2017-12-20,1.507
2017-12-19,1.507
2017-12-18,1.507
2017-12-15,1.504
2017-12-14,1.502
2017-12-13,1.502
2017-12-12,1.502
2017-12-11,1.508
2017-12-08,1.516
2017-12-07,1.515
2017-12-06,1.512
2017-12-05,1.513
2017-12-04,1.51
2017-12-01,1.511
2017-11-30,1.504
2017-11-29,1.482
2017-11-28,1.48
2017-11-27,1.48
2017-11-24,1.477
2017-11-23,1.471
2017-11-22,1.471
2017-11-21,1.467
2017-11-20,1.467
2017-11-17,1.467
2017-11-16,1.463
2017-11-15,1.445
2017-11-14,1.43
2017-11-13,1.416
2017-11-10,1.395
2017-11-09,1.378
2017-11-08,1.359
2017-11-07,1.35
2017-11-06,1.349
2017-11-03,1.349
2017-11-02,1.349
2017-11-01,1.349
2017-10-31,1.352
2017-10-30,1.347
2017-10-27,1.351
2017-10-26,1.358
2017-10-25,1.336
2017-10-24,1.341
2017-10-23,1.349
2017-10-20,1.36
2017-10-19,1.331
2017-10-18,1.304
2017-10-17,1.303
2017-10-16,1.299
2017-10-13,1.291
2017-10-12,1.291
2017-10-11,1.29
2017-10-10,1.289
2017-09-29,1.282
2017-09-28,1.282
2017-09-27,1.278
2017-09-26,1.246
2017-09-25,1.242
2017-09-22,1.242
2017-09-21,1.242
2017-09-20,1.241
2017-09-19,1.241
2017-09-18,1.239
2017-09-15,1.238
2017-09-14,1.238
2017-09-13,1.236
2017-09-12,1.235
2017-09-11,1.235
2017-09-08,1.236
2017-09-07,1.236
2017-09-06,1.238
2017-09-05,1.241
2017-09-04,1.245
2017-09-01,1.245
2017-08-31,1.246
2017-08-30,1.247
2017-08-29,1.25
2017-08-28,1.25
2017-08-25,1.25
2017-08-24,1.253
2017-08-23,1.253
2017-08-22,1.253
2017-08-21,1.253
2017-08-18,1.253
2017-08-17,1.253
2017-08-16,1.253
2017-08-14,1.253
2017-08-11,1.253
2017-08-10,1.253
2017-08-09,1.253
2017-08-08,1.252
2017-08-07,1.25
2017-08-04,1.25
2017-08-03,1.25
2017-08-02,1.25
2017-08-01,1.252
2017-07-31,1.255
2017-07-28,1.256
2017-07-27,1.259
2017-07-26,1.263
2017-07-25,1.263
2017-07-24,1.264
2017-07-21,1.264
2017-07-20,1.264
2017-07-19,1.264
2017-07-18,1.264
2017-07-17,1.269
2017-07-14,1.269
2017-07-13,1.269
2017-07-12,1.272
2017-07-11,1.277
2017-07-10,1.281
2017-07-07,1.285
2017-07-06,1.289
2017-07-05,1.294
2017-07-04,1.298
2017-07-03,1.3
2017-06-30,1.301
2017-06-29,1.309
2017-06-28,1.308
2017-06-27,1.299
2017-06-26,1.296
2017-06-23,1.296
2017-06-22,1.294
2017-06-21,1.294
2017-06-20,1.29
2017-06-19,1.29
2017-06-16,1.29
2017-06-15,1.289
2017-06-14,1.29
2017-06-13,1.29
2017-06-12,1.29
2017-06-09,1.284
2017-06-08,1.28
2017-06-07,1.278
2017-06-05,1.273
2017-06-02,1.272
2017-06-01,1.272
2017-05-31,1.273
2017-05-30,1.273
2017-05-29,1.275
2017-05-26,1.275
2017-05-25,1.274
2017-05-24,1.274
2017-05-23,1.273
2017-05-22,1.273
2017-05-19,1.271
2017-05-18,1.271
2017-05-17,1.271
2017-05-16,1.274
2017-05-15,1.274
2017-05-12,1.275
2017-05-11,1.286
2017-05-10,1.289
2017-05-08,1.292
2017-05-04,1.295
2017-05-02,1.299
2017-04-28,1.304
2017-04-27,1.306
2017-04-26,1.308
2017-04-25,1.309
2017-04-24,1.309
2017-04-21,1.306
2017-04-20,1.304
2017-04-19,1.304
2017-04-18,1.301
2017-04-17,1.301
2017-04-14,1.3
2017-04-13,1.299
2017-04-12,1.297
2017-04-11,1.297
2017-04-10,1.298
2017-04-07,1.297
2017-04-06,1.296
2017-04-05,1.295
2017-04-04,1.295
2017-04-03,1.299
2017-03-31,1.304
2017-03-30,1.305
2017-03-29,1.311
2017-03-28,1.315
2017-03-27,1.316
2017-03-24,1.318
2017-03-23,1.316
2017-03-22,1.316
2017-03-21,1.315
2017-03-20,1.315
2017-03-17,1.315
2017-03-16,1.315
2017-03-15,1.315
2017-03-14,1.314
2017-03-13,1.315
2017-03-10,1.318
2017-03-09,1.314
2017-03-08,1.311
2017-03-07,1.306
2017-03-06,1.286
2017-03-03,1.28
2017-03-02,1.28
2017-02-28,1.276
2017-02-27,1.276
2017-02-24,1.276
2017-02-23,1.271
2017-02-22,1.271
2017-02-21,1.27
2017-02-20,1.27
2017-02-17,1.271
2017-02-16,1.271
2017-02-15,1.271
2017-02-14,1.267
2017-02-13,1.267
2017-02-10,1.268
2017-02-09,1.268
2017-02-08,1.267
2017-02-07,1.267
2017-02-06,1.269
2017-02-03,1.27
2017-02-02,1.271
2017-02-01,1.286
2017-01-31,1.29
2017-01-26,1.295
2017-01-25,1.29
2017-01-24,1.275
2017-01-23,1.268
2017-01-20,1.263
2017-01-19,1.263
2017-01-18,1.258
2017-01-17,1.258
2017-01-16,1.261
2017-01-13,1.261
2017-01-12,1.26
2017-01-11,1.266
2017-01-10,1.266
2017-01-09,1.271
2017-01-06,1.265
2017-01-05,1.262
2017-01-04,1.271
2017-01-03,1.283
2017-01-02,1.298
2016-12-30,1.316
2016-12-29,1.316
2016-12-28,1.319
2016-12-27,1.328
2016-12-26,1.335
2016-12-23,1.335
2016-12-22,1.322
2016-12-21,1.318
2016-12-20,1.32
2016-12-19,1.326
2016-12-16,1.326
2016-12-15,1.33
2016-12-14,1.33
2016-12-13,1.343
2016-12-12,1.36
2016-12-09,1.377
2016-12-08,1.381
2016-12-07,1.4
2016-12-06,1.425
2016-12-05,1.436
2016-12-02,1.469
2016-12-01,1.497
2016-11-30,1.526
2016-11-29,1.537
2016-11-28,1.551
2016-11-25,1.576
2016-11-24,1.561
2016-11-23,1.509
2016-11-22,1.486
2016-11-21,1.476
2016-11-18,1.461
2016-11-17,1.424
2016-11-16,1.429
2016-11-15,1.376
2016-11-14,1.378
2016-11-11,1.327
2016-11-10,1.314
2016-11-09,1.299
2016-11-08,1.321
2016-11-07,1.321
2016-11-04,1.321
2016-11-03,1.319
2016-11-02,1.318
2016-11-01,1.321
2016-10-31,1.321
2016-10-28,1.322
2016-10-27,1.319
2016-10-26,1.321
2016-10-25,1.318
2016-10-24,1.309
2016-10-21,1.305
2016-10-20,1.292
2016-10-19,1.29
2016-10-18,1.286
2016-10-17,1.284
2016-10-14,1.277
2016-10-13,1.278
2016-10-12,1.28
2016-10-11,1.284
2016-10-10,1.278
2016-10-07,1.273
2016-10-06,1.27
2016-10-05,1.267
2016-10-04,1.26
2016-09-30,1.259
2016-09-29,1.271
2016-09-28,1.272
2016-09-27,1.271
2016-09-26,1.269
2016-09-23,1.268
2016-09-22,1.266
2016-09-21,1.267
2016-09-20,1.267
2016-09-19,1.267
2016-09-13,1.265
2016-09-12,1.263
2016-09-09,1.253
2016-09-08,1.247
2016-09-07,1.247
2016-09-06,1.253
2016-09-05,1.253
2016-09-02,1.257
2016-09-01,1.262
2016-08-31,1.256
2016-08-30,1.249
2016-08-29,1.247
2016-08-26,1.232
2016-08-25,1.232
2016-08-24,1.23
2016-08-23,1.227
2016-08-22,1.226
2016-08-19,1.224
2016-08-18,1.223
2016-08-17,1.224
2016-08-16,1.223
2016-08-12,1.223
2016-08-11,1.223
2016-08-10,1.221
2016-08-09,1.224
2016-08-08,1.224
2016-08-05,1.223
2016-08-04,1.224
2016-08-03,1.224
2016-08-02,1.223
2016-08-01,1.223
2016-07-29,1.223
2016-07-28,1.223
2016-07-27,1.225
2016-07-26,1.225
2016-07-25,1.226
2016-07-22,1.226
2016-07-21,1.226
2016-07-20,1.226
2016-07-19,1.226
2016-07-18,1.226
2016-07-15,1.226
2016-07-14,1.226
2016-07-13,1.226
2016-07-12,1.224
2016-07-11,1.224
2016-07-08,1.224
2016-07-07,1.224
2016-07-06,1.223
2016-07-05,1.23
2016-07-04,1.236
2016-07-01,1.246
2016-06-30,1.268
2016-06-29,1.266
2016-06-28,1.268
2016-06-27,1.267
2016-06-24,1.267
2016-06-23,1.319
2016-06-22,1.321
2016-06-21,1.307
2016-06-20,1.312
2016-06-17,1.307
2016-06-16,1.298
2016-06-15,1.297
2016-06-14,1.294
2016-06-13,1.293
2016-06-10,1.295
2016-06-09,1.3
2016-06-08,1.416
2016-06-07,1.434
2016-06-03,1.445
2016-06-02,1.445
2016-06-01,1.445
2016-05-31,1.49
2016-05-30,1.491
2016-05-27,1.479
2016-05-26,1.479
2016-05-25,1.479
2016-05-24,1.473
2016-05-23,1.474
2016-05-20,1.474
2016-05-19,1.476
2016-05-18,1.473
2016-05-17,1.465
2016-05-16,1.46
2016-05-13,1.457
2016-05-12,1.447
2016-05-11,1.447
2016-05-10,1.446
2016-05-09,1.448
2016-05-04,1.468
2016-05-03,1.483
2016-05-02,1.493
2016-04-29,1.493
2016-04-28,1.493
2016-04-27,1.493
2016-04-26,1.493
2016-04-25,1.498
2016-04-22,1.498
2016-04-21,1.5
2016-04-20,1.498
2016-04-19,1.504
2016-04-18,1.504
2016-04-15,1.5
2016-04-14,1.5
2016-04-12,1.49
2016-04-11,1.488
2016-04-08,1.487
2016-04-07,1.487
2016-04-06,1.487
2016-04-05,1.487
2016-04-04,1.488
2016-04-01,1.497
2016-03-31,1.498
2016-03-30,1.499
2016-03-29,1.498
2016-03-28,1.512
2016-03-25,1.511
2016-03-24,1.51
2016-03-23,1.509
2016-03-22,1.509
2016-03-21,1.505
2016-03-18,1.499
2016-03-17,1.497
2016-03-16,1.497
2016-03-15,1.492
2016-03-14,1.487
2016-03-11,1.483
2016-03-10,1.465
2016-03-09,1.454
2016-03-08,1.466
2016-03-07,1.466
2016-03-04,1.466
2016-03-03,1.465
2016-03-02,1.464
2016-02-29,1.463
2016-02-26,1.464
2016-02-25,1.464
2016-02-24,1.464
2016-02-23,1.464
2016-02-22,1.46
2016-02-19,1.45
2016-02-18,1.438
2016-02-17,1.427
2016-02-16,1.427
2016-02-15,1.467
2016-02-12,1.456
2016-02-11,1.45
2016-02-05,1.476
2016-02-04,1.476
2016-02-03,1.476
2016-02-02,1.485
2016-02-01,1.488
2016-01-29,1.496
2016-01-28,1.51
2016-01-27,1.509
2016-01-26,1.507
2016-01-25,1.508
2016-01-22,1.508
2016-01-21,1.508
2016-01-20,1.508
2016-01-19,1.51
2016-01-18,1.51
2016-01-15,1.51
2016-01-14,1.51
2016-01-13,1.508
2016-01-12,1.508
2016-01-11,1.508
2016-01-08,1.511
2016-01-07,1.51
2016-01-06,1.512
2016-01-05,1.513
2016-01-04,1.521
2015-12-31,1.55
2015-12-30,1.55
2015-12-29,1.551
2015-12-28,1.552
2015-12-24,1.551
2015-12-23,1.551
2015-12-22,1.551
2015-12-21,1.551
2015-12-18,1.556
2015-12-17,1.558
2015-12-16,1.566
2015-12-15,1.561
2015-12-14,1.561
2015-12-11,1.56
2015-12-10,1.56
2015-12-09,1.556
2015-12-08,1.559
2015-12-07,1.566
2015-12-04,1.573
2015-12-03,1.586
2015-12-02,1.61
2015-12-01,1.631
2015-11-30,1.648
2015-11-27,1.646
2015-11-26,1.618
2015-11-25,1.589
2015-11-24,1.572
2015-11-23,1.561
2015-11-20,1.554
2015-11-19,1.546
2015-11-18,1.546
2015-11-17,1.546
2015-11-16,1.548
2015-11-13,1.551
2015-11-12,1.551
2015-11-11,1.551
2015-11-10,1.551
2015-11-09,1.55
2015-11-06,1.523
2015-11-05,1.511
2015-11-04,1.51
2015-11-03,1.51
2015-11-02,1.51
2015-10-30,1.511
2015-10-29,1.508
2015-10-28,1.505
2015-10-27,1.505
2015-10-26,1.505
2015-10-23,1.505
2015-10-22,1.505
2015-10-21,1.503
2015-10-20,1.5
2015-10-19,1.5
2015-10-16,1.5
2015-10-15,1.499
2015-10-14,1.502
2015-10-13,1.501
2015-10-12,1.501
2015-10-08,1.499
2015-10-07,1.498
2015-10-06,1.493
2015-10-05,1.492
2015-10-02,1.497
2015-10-01,1.501
2015-09-30,1.5
2015-09-25,1.506
2015-09-24,1.506
2015-09-23,1.503
2015-09-22,1.503
2015-09-21,1.501
2015-09-18,1.501
2015-09-17,1.502
2015-09-16,1.501
2015-09-15,1.501
2015-09-14,1.502
2015-09-11,1.501
2015-09-10,1.502
2015-09-09,1.505
2015-09-08,1.505
2015-09-07,1.505
2015-09-04,1.508
2015-09-03,1.52
2015-09-02,1.521
2015-09-01,1.523
2015-08-31,1.532
2015-08-28,1.531
2015-08-27,1.523
2015-08-26,1.522
2015-08-25,1.516
2015-08-24,1.505
2015-08-21,1.502
2015-08-20,1.5
2015-08-19,1.5
2015-08-18,1.5
2015-08-17,1.5
2015-08-13,1.5
2015-08-12,1.5
2015-08-11,1.5
2015-08-10,1.5
2015-08-07,1.503
2015-08-06,1.506
2015-08-05,1.506
2015-08-04,1.506
2015-08-03,1.507
2015-07-31,1.511
2015-07-30,1.511
2015-07-29,1.511
2015-07-28,1.514
2015-07-27,1.512
2015-07-24,1.512
2015-07-23,1.513
2015-07-22,1.516
2015-07-21,1.516
2015-07-20,1.516
2015-07-17,1.516
2015-07-16,1.516
2015-07-15,1.515
2015-07-14,1.519
2015-07-13,1.52
2015-07-10,1.521
2015-07-09,1.523
2015-07-08,1.528
2015-07-07,1.533
2015-07-06,1.541
2015-07-03,1.551
2015-07-02,1.565
2015-07-01,1.567
2015-06-30,1.567
2015-06-29,1.567
2015-06-26,1.57
2015-06-25,1.57
2015-06-24,1.568
2015-06-23,1.565
2015-06-22,1.56
2015-06-19,1.542
2015-06-18,1.542
2015-06-17,1.547
2015-06-16,1.545
2015-06-15,1.546
2015-06-12,1.547
2015-06-11,1.558
2015-06-10,1.613
2015-06-09,1.631
2015-06-08,1.637
2015-06-05,1.657
2015-06-04,1.661
2015-06-03,1.663
2015-06-02,1.666
2015-06-01,1.688
2015-05-29,1.692
2015-05-28,1.701
2015-05-27,1.7
2015-05-26,1.706
2015-05-22,1.706
2015-05-21,1.7
2015-05-20,1.701
2015-05-19,1.707
2015-05-18,1.707
2015-05-15,1.707
2015-05-14,1.703
2015-05-13,1.705
2015-05-12,1.721
2015-05-11,1.703
2015-05-08,1.706
2015-05-07,1.726
2015-05-06,1.731
2015-05-04,1.726
2015-04-30,1.721
2015-04-29,1.721
2015-04-28,1.721
2015-04-27,1.693
2015-04-24,1.686
2015-04-23,1.677
2015-04-22,1.668
2015-04-21,1.67
2015-04-20,1.669
2015-04-17,1.672
2015-04-16,1.677
2015-04-15,1.677
2015-04-14,1.677
2015-04-13,1.677
2015-04-10,1.671
2015-04-09,1.671
2015-04-08,1.697
2015-04-07,1.698
2015-04-06,1.703
2015-04-03,1.705
2015-04-02,1.705
2015-04-01,1.708
2015-03-31,1.718
2015-03-30,1.743
2015-03-27,1.748
2015-03-26,1.748
2015-03-25,1.748
2015-03-24,1.751
2015-03-23,1.748
2015-03-20,1.748
2015-03-19,1.752
2015-03-18,1.753
2015-03-17,1.753
2015-03-16,1.761
2015-03-13,1.768
2015-03-12,1.796
2015-03-11,1.852
2015-03-10,1.89
2015-03-09,1.902
2015-03-06,1.92
2015-03-05,1.948
2015-03-04,1.958
2015-03-03,1.968
2015-03-02,1.981
2015-02-27,1.997
2015-02-26,1.997
2015-02-25,1.997
2015-02-24,1.997
2015-02-23,1.997
2015-02-17,1.997
2015-02-16,2
2015-02-13,1.988
2015-02-12,1.99
2015-02-11,1.986
2015-02-10,1.985
2015-02-09,1.947
2015-02-06,1.946
2015-02-05,1.951
2015-02-04,1.953
2015-02-03,1.947
2015-02-02,1.976
2015-01-30,1.98
2015-01-29,1.98
2015-01-28,1.977
2015-01-27,1.978
2015-01-26,1.967
2015-01-23,1.963
2015-01-22,1.963
2015-01-21,1.961
2015-01-20,1.96
2015-01-19,1.967
2015-01-16,1.966
2015-01-15,1.977
2015-01-14,1.932
2015-01-13,1.97
2015-01-12,1.971
2015-01-09,2.002
2015-01-08,2.008
2015-01-07,2.012
2015-01-06,2.018
2015-01-05,2.046
2015-01-02,2.063
2014-12-31,2.066
2014-12-30,2.066
2014-12-29,2.075
2014-12-26,2.081
2014-12-24,2.08
2014-12-23,2.081
2014-12-22,2.081
2014-12-19,2.083
2014-12-18,2.085
2014-12-17,2.081
2014-12-16,2.066
2014-12-15,2.065
2014-12-12,2.058
2014-12-11,2.06
2014-12-10,2.067
2014-12-09,2.066
2014-12-08,2.07
2014-12-05,2.037
2014-12-04,2.035
2014-12-03,2.032
2014-12-02,2.022
2014-12-01,2.02
2014-11-28,2.018
2014-11-27,2.023
2014-11-26,2.013
2014-11-25,2.015
2014-11-24,2.015
2014-11-21,2.02
2014-11-20,2.02
2014-11-19,2.02
2014-11-18,2.021
2014-11-17,2.021
2014-11-14,2.021
2014-11-13,2.021
2014-11-12,2.021
2014-11-11,2.011
2014-11-10,1.981
2014-11-07,1.981
2014-11-06,1.981
2014-11-05,1.988
2014-11-04,2.002
2014-11-03,2.021
2014-10-31,2.031
2014-10-30,2.042
2014-10-29,2.043
2014-10-28,2.045
2014-10-27,2.045
2014-10-24,2.045
2014-10-23,2.046
2014-10-22,2.046
2014-10-21,2.046
2014-10-20,2.051
2014-10-17,2.051
2014-10-16,2.055
2014-10-15,2.08
2014-10-14,2.118
2014-10-13,2.118
2014-10-10,2.122
2014-10-08,2.127
2014-10-07,2.127
2014-10-06,2.126
2014-10-02,2.127
2014-10-01,2.127
2014-09-30,2.181
2014-09-29,2.195
2014-09-26,2.195
2014-09-25,2.195
2014-09-24,2.196
2014-09-23,2.193
2014-09-22,2.193
2014-09-19,2.195
2014-09-18,2.195
2014-09-17,2.198
2014-09-16,2.207
2014-09-15,2.222
2014-09-12,2.231
2014-09-11,2.275
2014-09-05,2.28
2014-09-04,2.287
2014-09-03,2.287
2014-09-02,2.287
2014-09-01,2.302
2014-08-29,2.303
2014-08-28,2.302
2014-08-27,2.302
2014-08-26,2.306
2014-08-25,2.308
2014-08-22,2.31
2014-08-21,2.316
2014-08-20,2.318
2014-08-19,2.321
2014-08-18,2.322
2014-08-14,2.325
2014-08-13,2.34
2014-08-12,2.353
2014-08-11,2.355
2014-08-08,2.357
2014-08-07,2.375
2014-08-06,2.383
2014-08-05,2.387
2014-08-04,2.393
2014-08-01,2.392
2014-07-31,2.395
2014-07-30,2.401
2014-07-29,2.411
2014-07-28,2.407
2014-07-25,2.407
2014-07-24,2.408
2014-07-23,2.407
2014-07-22,2.433
2014-07-21,2.442
2014-07-18,2.443
2014-07-17,2.447
2014-07-16,2.49
2014-07-15,2.5
2014-07-14,2.503
2014-07-11,2.503
2014-07-10,2.51
2014-07-09,2.518
2014-07-08,2.527
2014-07-07,2.527
2014-07-04,2.527
2014-07-03,2.53
2014-07-02,2.531
2014-07-01,2.56
2014-06-30,2.562
2014-06-27,2.562
2014-06-26,2.562
2014-06-25,2.56
2014-06-24,2.557
2014-06-23,2.557
2014-06-20,2.557
2014-06-19,2.557
2014-06-18,2.56
2014-06-17,2.558
2014-06-16,2.558
2014-06-13,2.561
2014-06-12,2.566
2014-06-11,2.575
2014-06-10,2.575
2014-06-09,2.576
2014-06-05,2.572
2014-06-03,2.572
2014-06-02,2.572
2014-05-30,2.572
2014-05-29,2.572
2014-05-28,2.572
2014-05-27,2.572
2014-05-26,2.571
2014-05-23,2.571
2014-05-22,2.571
2014-05-21,2.571
2014-05-20,2.571
2014-05-19,2.571
2014-05-16,2.571
2014-05-15,2.571
2014-05-14,2.571
2014-05-13,2.571
2014-05-12,2.571
2014-05-09,2.572
2014-05-08,2.573
2014-05-07,2.576
2014-05-02,2.578
2014-04-30,2.58
2014-04-29,2.58
2014-04-28,2.578
2014-04-25,2.576
2014-04-24,2.576
2014-04-23,2.576
2014-04-22,2.572
2014-04-21,2.571
2014-04-18,2.571
2014-04-17,2.571
2014-04-16,2.571
2014-04-15,2.571
2014-04-14,2.571
2014-04-11,2.568
2014-04-10,2.568
2014-04-09,2.567
2014-04-08,2.567
2014-04-07,2.567
2014-04-04,2.568
2014-04-03,2.57
2014-04-02,2.571
2014-04-01,2.575
2014-03-31,2.575
2014-03-28,2.576
2014-03-27,2.575
2014-03-26,2.576
2014-03-25,2.576
2014-03-24,2.577
2014-03-21,2.577
2014-03-20,2.575
2014-03-19,2.575
2014-03-18,2.575
2014-03-17,2.576
2014-03-14,2.573
2014-03-13,2.582
2014-03-12,2.582
2014-03-11,2.582
2014-03-10,2.573
2014-03-07,2.573
2014-03-06,2.573
2014-03-05,2.573
2014-03-04,2.573
2014-03-03,2.573
2014-02-28,2.563
2014-02-27,2.563
2014-02-26,2.563
2014-02-25,2.561
2014-02-24,2.558
2014-02-21,2.558
2014-02-20,2.558
2014-02-19,2.558
2014-02-18,2.558
2014-02-17,2.558
2014-02-14,2.558
2014-02-13,2.558
2014-02-12,2.558
2014-02-11,2.558
2014-02-10,2.558
2014-02-07,2.558
2014-02-06,2.561
2014-02-05,2.561
2014-02-04,2.563
2014-02-03,2.573
2014-01-29,2.576
2014-01-28,2.577
2014-01-27,2.573
2014-01-24,2.561
2014-01-23,2.558
2014-01-22,2.56
2014-01-21,2.557
2014-01-20,2.556
2014-01-17,2.548
2014-01-16,2.546
2014-01-15,2.548
2014-01-14,2.547
2014-01-13,2.541
2014-01-10,2.533
2014-01-09,2.526
2014-01-08,2.526
2014-01-07,2.531
2014-01-06,2.533
2014-01-03,2.558
2014-01-02,2.56
2013-12-31,2.562
2013-12-30,2.562
2013-12-27,2.562
2013-12-26,2.59
2013-12-24,2.59
2013-12-23,2.588
2013-12-20,2.568
2013-12-19,2.563
2013-12-18,2.548
2013-12-17,2.542
2013-12-16,2.536
2013-12-13,2.536
2013-12-12,2.537
2013-12-11,2.54
2013-12-10,2.533
2013-12-09,2.532
2013-12-06,2.536
2013-12-05,2.537
2013-12-04,2.54
2013-12-03,2.54
2013-12-02,2.532
2013-11-29,2.53
2013-11-28,2.53
2013-11-27,2.528
2013-11-26,2.528
2013-11-25,2.532
2013-11-22,2.532
2013-11-21,2.532
2013-11-20,2.535
2013-11-19,2.537
2013-11-18,2.537
2013-11-15,2.538
2013-11-14,2.541
2013-11-13,2.545
2013-11-12,2.546
2013-11-11,2.546
2013-11-08,2.538
2013-11-07,2.538
2013-11-06,2.536
2013-11-05,2.536
2013-11-04,2.536
2013-11-01,2.536
2013-10-31,2.535
2013-10-30,2.535
2013-10-29,2.537
2013-10-28,2.542
2013-10-25,2.53
2013-10-24,2.53
2013-10-23,2.53
2013-10-22,2.53
2013-10-21,2.53
2013-10-18,2.53
2013-10-17,2.53
2013-10-16,2.53
2013-10-15,2.54
2013-10-14,2.54
2013-10-11,2.54
2013-10-10,2.54
2013-10-08,2.54
2013-10-07,2.54
2013-10-04,2.54
2013-10-02,2.54
2013-10-01,2.55
2013-09-30,2.54
2013-09-27,2.54
2013-09-26,2.55
2013-09-25,2.55
2013-09-24,2.55
2013-09-23,2.53
2013-09-17,2.53
2013-09-16,2.53
2013-09-13,2.53
2013-09-12,2.53
2013-09-11,2.53
2013-09-10,2.53
2013-09-09,2.53
2013-09-06,2.54
2013-09-05,2.55
2013-09-04,2.54
2013-09-03,2.54
2013-09-02,2.55
2013-08-30,2.55
2013-08-29,2.55
2013-08-28,2.55
2013-08-27,2.55
2013-08-26,2.55
2013-08-23,2.55
2013-08-22,2.56
2013-08-21,2.54
2013-08-20,2.54
2013-08-19,2.55
2013-08-16,2.55
2013-08-14,2.54
2013-08-13,2.53
2013-08-12,2.52
2013-08-09,2.52
2013-08-08,2.52
2013-08-07,2.53
2013-08-06,2.53
2013-08-05,2.54
2013-08-02,2.56
2013-08-01,2.57
2013-07-31,2.58
2013-07-30,2.57
2013-07-29,2.55
2013-07-26,2.55
2013-07-25,2.54
2013-07-24,2.52
2013-07-23,2.51
2013-07-22,2.5
2013-07-19,2.49
2013-07-18,2.48
2013-07-17,2.48
2013-07-16,2.48
2013-07-15,2.48
2013-07-12,2.47
2013-07-11,2.46
2013-07-10,2.46
2013-07-09,2.47
2013-07-08,2.47
2013-07-05,2.46
2013-07-04,2.46
2013-07-03,2.49
2013-07-02,2.52
2013-07-01,2.56
2013-06-28,2.58
2013-06-27,2.62
2013-06-26,2.62
2013-06-25,2.61
2013-06-24,2.63
2013-06-21,2.6
2013-06-20,2.57
2013-06-19,2.52
2013-06-18,2.52
2013-06-17,2.52
2013-06-14,2.51
2013-06-13,2.51
2013-06-12,2.52
2013-06-11,2.52
2013-06-10,2.52
2013-06-07,2.52
2013-06-05,2.54
2013-06-04,2.55
2013-06-03,2.55
2013-05-31,2.56
2013-05-30,2.56
2013-05-29,2.57
2013-05-28,2.53
2013-05-27,2.53
2013-05-24,2.53
2013-05-23,2.53
2013-05-22,2.54
2013-05-21,2.53
2013-05-20,2.53
2013-05-16,2.52
2013-05-15,2.52
2013-05-14,2.53
2013-05-13,2.54
2013-05-10,2.55
2013-05-09,2.57
2013-05-08,2.63
2013-05-07,2.64
2013-05-06,2.66
2013-05-03,2.58
2013-05-02,2.57
2013-04-30,2.61
2013-04-29,2.65
2013-04-26,2.67
2013-04-25,2.68
2013-04-24,2.69
2013-04-23,2.66
2013-04-22,2.67
2013-04-19,2.64
2013-04-18,2.62
2013-04-17,2.63
2013-04-16,2.63
2013-04-15,2.65
2013-04-12,2.65
2013-04-11,2.61
2013-04-10,2.49
2013-04-09,2.5
2013-04-08,2.49
2013-04-05,2.49
2013-04-04,2.51
2013-04-03,2.51
2013-04-02,2.52
2013-04-01,2.54
2013-03-29,2.55
2013-03-28,2.53
2013-03-27,2.61
2013-03-26,2.6
2013-03-25,2.6
2013-03-22,2.6
2013-03-21,2.6
2013-03-20,2.6
2013-03-19,2.6
2013-03-18,2.6
2013-03-15,2.61
2013-03-14,2.61
2013-03-13,2.6
2013-03-12,2.6
2013-03-11,2.63
2013-03-08,2.63
2013-03-07,2.63
2013-03-06,2.62
2013-03-05,2.61
2013-03-04,2.61
2013-02-28,2.62
2013-02-27,2.62
2013-02-26,2.63
2013-02-25,2.64
2013-02-22,2.65
2013-02-21,2.64
2013-02-20,2.66
2013-02-19,2.65
2013-02-18,2.66
2013-02-15,2.67
2013-02-14,2.68
2013-02-13,2.68
2013-02-12,2.67
2013-02-08,2.68
2013-02-07,2.68
2013-02-06,2.68
2013-02-05,2.7
2013-02-04,2.71
2013-02-01,2.71
2013-01-31,2.71
2013-01-30,2.72
2013-01-29,2.71
2013-01-28,2.71
2013-01-25,2.7
2013-01-24,2.7
2013-01-23,2.7
2013-01-22,2.7
2013-01-21,2.7
2013-01-18,2.7
2013-01-17,2.69
2013-01-16,2.69
2013-01-15,2.69
2013-01-14,2.7
2013-01-11,2.7
2013-01-10,2.66
2013-01-09,2.68
2013-01-08,2.68
2013-01-07,2.69
2013-01-04,2.69
2013-01-03,2.71
2013-01-02,2.73
2012-12-31,2.73
2012-12-28,2.73
2012-12-27,2.73
2012-12-26,2.74
2012-12-24,2.73
2012-12-21,2.73
2012-12-20,2.74
2012-12-18,2.74
2012-12-17,2.74
2012-12-14,2.74
2012-12-13,2.74
2012-12-12,2.73
2012-12-11,2.73
2012-12-10,2.74
2012-12-07,2.73
2012-12-06,2.73
2012-12-05,2.73
2012-12-04,2.73
2012-12-03,2.72
2012-11-30,2.72
2012-11-29,2.72
2012-11-28,2.72
2012-11-27,2.72
2012-11-26,2.71
2012-11-23,2.72
2012-11-22,2.71
2012-11-21,2.71
2012-11-20,2.71
2012-11-19,2.71
2012-11-16,2.7
2012-11-15,2.7
2012-11-14,2.7
2012-11-13,2.7
2012-11-12,2.71
2012-11-09,2.71
2012-11-08,2.71
2012-11-07,2.71
2012-11-06,2.71
2012-11-05,2.71
2012-11-02,2.71
2012-11-01,2.71
2012-10-31,2.71
2012-10-30,2.72
2012-10-29,2.72
2012-10-26,2.72
2012-10-25,2.73
2012-10-24,2.72
2012-10-23,2.73
2012-10-22,2.75
2012-10-19,2.74
2012-10-18,2.74
2012-10-17,2.74
2012-10-16,2.74
2012-10-15,2.74
2012-10-12,2.74
2012-10-11,2.74
2012-10-10,2.73
2012-10-09,2.78
2012-10-08,2.78
2012-10-05,2.79
2012-10-04,2.79
2012-10-02,2.8
2012-09-28,2.82
2012-09-27,2.83
2012-09-26,2.82
2012-09-25,2.82
2012-09-24,2.82
2012-09-21,2.82
2012-09-20,2.8
2012-09-19,2.83
2012-09-18,2.82
2012-09-17,2.84
2012-09-14,2.81
2012-09-13,2.82
2012-09-12,2.76
2012-09-11,2.76
2012-09-10,2.78
2012-09-07,2.78
2012-09-06,2.77
2012-09-05,2.77
2012-09-04,2.79
2012-09-03,2.81
2012-08-31,2.84
2012-08-30,2.85
2012-08-29,2.86
2012-08-28,2.87
2012-08-27,2.88
2012-08-24,2.88
2012-08-23,2.89
2012-08-22,2.89
2012-08-21,2.89
2012-08-20,2.91
2012-08-17,2.88
2012-08-16,2.89
2012-08-14,2.83
2012-08-13,2.79
2012-08-10,2.77
2012-08-09,2.77
2012-08-08,2.74
2012-08-07,2.75
2012-08-06,2.75
2012-08-03,2.76
2012-08-02,2.77
2012-08-01,2.78
2012-07-31,2.8
2012-07-30,2.8
2012-07-27,2.81
2012-07-26,2.76
2012-07-25,2.75
2012-07-24,2.79
2012-07-23,2.79
2012-07-20,2.83
2012-07-19,2.85
2012-07-18,2.87
2012-07-17,2.9
2012-07-16,2.94
2012-07-13,2.95
2012-07-12,2.97
2012-07-11,3.18
2012-07-10,3.21
2012-07-09,3.21
2012-07-06,3.24
2012-07-05,3.26
2012-07-04,3.26
2012-07-03,3.27
2012-07-02,3.27
2012-06-29,3.27
2012-06-28,3.26
2012-06-27,3.26
2012-06-26,3.26
2012-06-25,3.26
2012-06-22,3.26
2012-06-21,3.26
2012-06-20,3.26
2012-06-19,3.26
2012-06-18,3.26
2012-06-15,3.26
2012-06-14,3.27
2012-06-13,3.28
2012-06-12,3.28
2012-06-11,3.28
2012-06-08,3.27
2012-06-07,3.29
2012-06-05,3.28
2012-06-04,3.28
2012-06-01,3.29
2012-05-31,3.31
2012-05-30,3.32
2012-05-29,3.32
2012-05-25,3.32
2012-05-24,3.32
2012-05-23,3.32
2012-05-22,3.32
2012-05-21,3.32
2012-05-18,3.32
2012-05-17,3.33
2012-05-16,3.33
2012-05-15,3.33
2012-05-14,3.34
2012-05-11,3.34
2012-05-10,3.34
2012-05-09,3.33
2012-05-08,3.34
2012-05-07,3.34
2012-05-04,3.35
2012-05-03,3.36
2012-05-02,3.36
2012-04-30,3.36
2012-04-27,3.36
2012-04-26,3.36
2012-04-25,3.36
2012-04-24,3.36
2012-04-23,3.35
2012-04-20,3.34
2012-04-19,3.34
2012-04-18,3.34
2012-04-17,3.34
2012-04-16,3.34
2012-04-13,3.35
2012-04-12,3.35
2012-04-10,3.36
2012-04-09,3.39
2012-04-06,3.4
2012-04-05,3.41
2012-04-04,3.42
2012-04-03,3.42
2012-04-02,3.43
2012-03-30,3.43
2012-03-29,3.44
2012-03-28,3.44
2012-03-27,3.44
2012-03-26,3.44
2012-03-23,3.44
2012-03-22,3.44
2012-03-21,3.45
2012-03-20,3.44
2012-03-19,3.44
2012-03-16,3.43
2012-03-15,3.42
2012-03-14,3.41
2012-03-13,3.4
2012-03-12,3.4
2012-03-09,3.4
2012-03-08,3.4
2012-03-07,3.4
2012-03-06,3.4
2012-03-05,3.4
2012-03-02,3.4
2012-02-29,3.39
2012-02-28,3.39
2012-02-27,3.38
2012-02-24,3.38
2012-02-23,3.37
2012-02-22,3.37
2012-02-21,3.35
2012-02-20,3.37
2012-02-17,3.37
2012-02-16,3.36
2012-02-15,3.37
2012-02-14,3.36
2012-02-13,3.37
2012-02-10,3.36
2012-02-09,3.36
2012-02-08,3.36
2012-02-07,3.36
2012-02-06,3.35
2012-02-03,3.35
2012-02-02,3.35
2012-02-01,3.35
2012-01-31,3.35
2012-01-30,3.35
2012-01-27,3.35
2012-01-26,3.36
2012-01-25,3.36
2012-01-20,3.35
2012-01-19,3.35
2012-01-18,3.35
2012-01-17,3.35
2012-01-16,3.35
2012-01-13,3.35
2012-01-12,3.36
2012-01-11,3.36
2012-01-10,3.36
2012-01-09,3.36
2012-01-06,3.36
2012-01-05,3.36
2012-01-04,3.37
2012-01-03,3.38
2012-01-02,3.38
2011-12-30,3.4
2011-12-29,3.4
2011-12-28,3.41
2011-12-27,3.4
2011-12-26,3.39
2011-12-23,3.36
2011-12-22,3.34
2011-12-21,3.33
2011-12-20,3.33
2011-12-19,3.34
2011-12-16,3.3
2011-12-15,3.3
2011-12-14,3.31
2011-12-13,3.32
2011-12-12,3.32
2011-12-09,3.32
2011-12-08,3.32
2011-12-07,3.3
2011-12-06,3.31
2011-12-05,3.32
2011-12-02,3.32
2011-12-01,3.34
2011-11-30,3.34
2011-11-29,3.36
2011-11-28,3.36
2011-11-25,3.34
2011-11-24,3.31
2011-11-23,3.3
2011-11-22,3.3
2011-11-21,3.3
2011-11-18,3.29
2011-11-17,3.3
2011-11-16,3.29
2011-11-15,3.3
2011-11-14,3.33
2011-11-11,3.33
2011-11-10,3.33
2011-11-09,3.34
2011-11-08,3.34
2011-11-07,3.35
2011-11-04,3.36
2011-11-03,3.36
2011-11-02,3.38
2011-11-01,3.38
2011-10-31,3.39
2011-10-28,3.4
2011-10-27,3.39
2011-10-26,3.38
2011-10-25,3.38
2011-10-24,3.37
2011-10-21,3.33
2011-10-20,3.31
2011-10-19,3.31
2011-10-18,3.31
2011-10-17,3.31
2011-10-14,3.29
2011-10-13,3.29
2011-10-12,3.3
2011-10-11,3.31
2011-10-10,3.3
2011-10-07,3.3
2011-10-06,3.3
2011-10-05,3.3
2011-10-04,3.32
2011-09-30,3.34
2011-09-29,3.35
2011-09-28,3.34
2011-09-27,3.31
2011-09-26,3.31
2011-09-23,3.28
2011-09-22,3.28
2011-09-21,3.28
2011-09-20,3.28
2011-09-19,3.28
2011-09-16,3.25
2011-09-15,3.25
2011-09-14,3.24
2011-09-09,3.25
2011-09-08,3.25
2011-09-07,3.27
2011-09-06,3.27
2011-09-05,3.27
2011-09-02,3.3
2011-09-01,3.3
2011-08-31,3.32
2011-08-30,3.32
2011-08-29,3.32
2011-08-26,3.3
2011-08-25,3.31
2011-08-24,3.31
2011-08-23,3.32
2011-08-22,3.33
2011-08-19,3.34
2011-08-18,3.35
2011-08-17,3.36
2011-08-16,3.35
2011-08-12,3.35
2011-08-11,3.35
2011-08-10,3.34
2011-08-09,3.38
2011-08-08,3.39
2011-08-05,3.4
2011-08-04,3.41
2011-08-03,3.41
2011-08-02,3.41
2011-08-01,3.42
2011-07-29,3.39
2011-07-28,3.37
2011-07-27,3.36
2011-07-26,3.35
2011-07-25,3.34
2011-07-22,3.33
2011-07-21,3.32
2011-07-20,3.32
2011-07-19,3.32
2011-07-18,3.32
2011-07-15,3.32
2011-07-14,3.32
2011-07-13,3.32
2011-07-12,3.33
2011-07-11,3.35
2011-07-08,3.36
2011-07-07,3.34
2011-07-06,3.34
2011-07-05,3.34
2011-07-04,3.34
2011-07-01,3.34
2011-06-30,3.34
2011-06-29,3.34
2011-06-28,3.32
2011-06-27,3.31
2011-06-24,3.31
2011-06-23,3.27
2011-06-22,3.27
2011-06-21,3.28
2011-06-20,3.27
2011-06-17,3.27
2011-06-16,3.26
2011-06-15,3.28
2011-06-14,3.28
2011-06-13,3.27
2011-06-10,3.25
2011-06-09,3.14
2011-06-08,3.13
2011-06-07,3.13
2011-06-03,3.14
2011-06-02,3.14
2011-06-01,3.17
2011-05-31,3.14
2011-05-30,3.14
2011-05-27,3.14
2011-05-26,3.14
2011-05-25,3.14
2011-05-24,3.14
2011-05-23,3.14
2011-05-20,3.14
2011-05-19,3.14
2011-05-18,3.14
2011-05-17,3.15
2011-05-16,3.15
2011-05-13,3.16
2011-05-12,3.17
2011-05-11,3.17
2011-05-09,3.17
2011-05-06,3.17
2011-05-04,3.17
2011-05-03,3.18
2011-05-02,3.18
2011-04-29,3.17
2011-04-28,3.16
2011-04-27,3.16
2011-04-26,3.15
2011-04-25,3.15
2011-04-22,3.11
2011-04-21,3.09
2011-04-20,3.07
2011-04-19,3.05
2011-04-18,3.05
2011-04-15,3.05
2011-04-14,3.04
2011-04-13,3.04
2011-04-12,3.04
2011-04-11,3.04
2011-04-08,3.04
2011-04-07,3.02
2011-04-06,3.03
2011-04-05,3.03
2011-04-04,3.03
2011-04-01,3.03
2011-03-31,3.04
2011-03-30,3.04
2011-03-29,3.04
2011-03-28,3.05
2011-03-25,3.05
2011-03-24,3.04
2011-03-23,3.05
2011-03-22,3.06
2011-03-21,3.07
2011-03-18,3.06
2011-03-17,3.06
2011-03-16,3.06
2011-03-15,3.04
2011-03-14,3.05
2011-03-11,3.05
2011-03-10,3.04
2011-03-09,3.04
2011-03-08,3.04
2011-03-07,3.05
2011-03-04,3.04
2011-03-03,3.04
2011-03-02,3.03
2011-02-28,3.02
2011-02-25,3.01
2011-02-24,3
2011-02-23,2.99
2011-02-22,2.98
2011-02-21,2.98
2011-02-18,2.97
2011-02-17,2.97
2011-02-16,2.97
2011-02-15,2.98
2011-02-14,3
2011-02-11,2.99
2011-02-10,3.01
2011-02-09,2.99
2011-02-08,2.98
2011-02-07,2.97
2011-02-01,2.92
2011-01-31,2.9
2011-01-28,2.87
2011-01-27,2.87
2011-01-26,2.86
2011-01-25,2.86
2011-01-24,2.86
2011-01-21,2.84
2011-01-20,2.83
2011-01-19,2.82
2011-01-18,2.79
2011-01-17,2.78
2011-01-14,2.7
2011-01-13,2.61
2011-01-12,2.55
2011-01-11,2.55
2011-01-10,2.53
2011-01-07,2.53
2011-01-06,2.54
2011-01-05,2.54
2011-01-04,2.54
2011-01-03,2.55
2010-12-31,2.54
2010-12-30,2.54
2010-12-29,2.54
2010-12-28,2.53
2010-12-27,2.52
2010-12-24,2.49
2010-12-23,2.49
2010-12-22,2.49
2010-12-21,2.49
2010-12-20,2.5
2010-12-17,2.5
2010-12-16,2.5
2010-12-15,2.51
2010-12-14,2.51
2010-12-13,2.5
2010-12-10,2.48
2010-12-09,2.49
2010-12-08,2.49
2010-12-07,2.49
2010-12-06,2.49
2010-12-03,2.5
2010-12-02,2.5
2010-12-01,2.51
2010-11-30,2.51
2010-11-29,2.51
2010-11-26,2.51
2010-11-25,2.52
2010-11-24,2.52
2010-11-23,2.52
2010-11-22,2.5
2010-11-19,2.5
2010-11-18,2.5
2010-11-17,2.5
2010-11-16,2.5
2010-11-15,2.5
2010-11-12,2.48
2010-11-11,2.47
2010-11-10,2.47
2010-11-09,2.48
2010-11-08,2.47
2010-11-05,2.47
2010-11-04,2.45
2010-11-03,2.44
2010-11-02,2.43
2010-11-01,2.42
2010-10-29,2.37
2010-10-28,2.37
2010-10-27,2.38
2010-10-26,2.37
2010-10-25,2.39
2010-10-22,2.39
2010-10-21,2.43
2010-10-20,2.43
2010-10-19,2.42
2010-10-18,2.4
2010-10-15,2.39
2010-10-14,2.39
2010-10-13,2.56
2010-10-12,2.54
2010-10-11,2.53
2010-10-08,2.51
2010-10-07,2.48
2010-10-06,2.45
2010-10-05,2.44
2010-10-04,2.43
2010-10-01,2.41
2010-09-30,2.41
2010-09-29,2.4
2010-09-28,2.39
2010-09-27,2.38
2010-09-24,2.39
2010-09-20,2.4
2010-09-17,2.4
2010-09-16,2.39
2010-09-15,2.4
2010-09-14,2.4
2010-09-13,2.45
2010-09-10,2.48
2010-09-09,2.49
2010-09-08,2.58
2010-09-07,2.58
2010-09-06,2.58
2010-09-03,2.58
2010-09-02,2.57
2010-09-01,2.58
2010-08-31,2.55
2010-08-30,2.55
2010-08-27,2.51
2010-08-26,2.49
2010-08-25,2.48
2010-08-24,2.47
2010-08-23,2.46
2010-08-20,2.44
2010-08-19,2.44
2010-08-18,2.44
2010-08-17,2.44
2010-08-16,2.44
2010-08-13,2.43
2010-08-12,2.44
2010-08-11,2.46
2010-08-10,2.46
2010-08-09,2.45
2010-08-06,2.43
2010-08-05,2.42
2010-08-04,2.4
2010-08-03,2.4
2010-08-02,2.4
2010-07-30,2.38
2010-07-29,2.38
2010-07-28,2.38
2010-07-27,2.38
2010-07-26,2.38
2010-07-23,2.36
2010-07-22,2.35
2010-07-21,2.36
2010-07-20,2.36
2010-07-19,2.36
2010-07-16,2.37
2010-07-15,2.38
2010-07-14,2.39
2010-07-13,2.38
2010-07-12,2.36
2010-07-09,2.33
2010-07-08,2.26
2010-07-07,2.23
2010-07-06,2.22
2010-07-05,2.22
2010-07-02,2.22
2010-07-01,2.23
2010-06-30,2.23
2010-06-29,2.22
2010-06-28,2.22
2010-06-25,2.18
2010-06-24,2.16
2010-06-23,2.14
2010-06-22,2.12
2010-06-21,2.1
2010-06-18,2.1
2010-06-17,2.1
2010-06-16,2.11
2010-06-15,2.13
2010-06-14,2.13
2010-06-11,2.16
2010-06-10,2.16
2010-06-09,2.16
2010-06-08,2.16
2010-06-07,2.17
2010-06-04,2.18
2010-06-03,2.17
2010-06-01,2.16
2010-05-31,2.16
2010-05-28,2.16
2010-05-27,2.15
2010-05-26,2.14
2010-05-25,2.14
2010-05-24,2.14
2010-05-20,2.14
2010-05-19,2.14
2010-05-18,2.13
2010-05-17,2.13
2010-05-14,2.12
2010-05-13,2.11
2010-05-12,2.1
2010-05-11,2.09
2010-05-10,2.09
2010-05-07,2.09
2010-05-06,2.09
2010-05-04,2.09
2010-05-03,2.09
2010-04-30,2.07
2010-04-29,2.07
2010-04-28,2.08
2010-04-27,2.09
2010-04-26,2.11
2010-04-23,2.12
2010-04-22,2.12
2010-04-21,2.12
2010-04-20,2.12
2010-04-19,2.12
2010-04-16,2.11
2010-04-15,2.12
2010-04-14,2.12
2010-04-13,2.11
2010-04-12,2.11
2010-04-09,2.1
2010-04-08,2.09
2010-04-07,2.11
2010-04-06,2.11
2010-04-05,2.11
2010-04-02,2.1
2010-04-01,2.1
2010-03-31,2.12
2010-03-30,2.12
2010-03-29,2.12
2010-03-26,2.12
2010-03-25,2.13
2010-03-24,2.17
2010-03-23,2.17
2010-03-22,2.15
2010-03-19,2.15
2010-03-18,2.15
2010-03-17,2.16
2010-03-16,2.17
2010-03-15,2.18
2010-03-12,2.17
2010-03-11,2.18
2010-03-10,2.19
2010-03-09,2.17
2010-03-08,2.17
2010-03-05,2.16
2010-03-04,2.15
2010-03-03,2.15
2010-03-02,2.17
2010-02-26,2.2
2010-02-25,2.21
2010-02-24,2.23
2010-02-23,2.23
2010-02-22,2.26
2010-02-19,2.25
2010-02-18,2.22
2010-02-17,2.22
2010-02-16,2.24
2010-02-12,2.24
2010-02-11,2.25
2010-02-10,2.26
2010-02-09,2.23
2010-02-08,2.24
2010-02-05,2.25
2010-02-04,2.29
2010-02-03,2.32
2010-02-02,2.36
2010-02-01,2.4
2010-01-29,2.39
2010-01-28,2.39
2010-01-27,2.36
2010-01-26,2.35
2010-01-25,2.36
2010-01-22,2.36
2010-01-21,2.36
2010-01-20,2.33
2010-01-19,2.3
2010-01-18,2.31
2010-01-15,2.28
2010-01-14,2.27
2010-01-13,2.26
2010-01-12,2.27
2010-01-11,2.28
2010-01-08,2.31
2010-01-07,2.32
2010-01-06,2.34
2010-01-05,2.34
2010-01-04,2.38
